,0
0,https://bulkdata.uspto.gov/data/patent/officialgazette/2021/e-OG20210105_1482-1.zip
1,https://bulkdata.uspto.gov/data/patent/officialgazette/2021/e-OG20210112_1482-2.zip
2,https://bulkdata.uspto.gov/data/patent/officialgazette/2021/e-OG20210119_1482-3.zip
3,https://bulkdata.uspto.gov/data/patent/officialgazette/2021/e-OG20210126_1482-4.zip
4,https://bulkdata.uspto.gov/data/patent/officialgazette/2021/e-OG20210202_1483-1.zip
5,https://bulkdata.uspto.gov/data/patent/officialgazette/2021/e-OG20210209_1483-2.zip
6,https://bulkdata.uspto.gov/data/patent/officialgazette/2021/e-OG20210216_1483-3.zip
7,https://bulkdata.uspto.gov/data/patent/officialgazette/2021/e-OG20210223_1483-4.zip
8,https://bulkdata.uspto.gov/data/patent/officialgazette/2021/e-OG20210302_1484-1.zip
9,https://bulkdata.uspto.gov/data/patent/officialgazette/2021/e-OG20210309_1484-2.zip
10,https://bulkdata.uspto.gov/data/patent/officialgazette/2021/e-OG20210316_1484-3.zip
11,https://bulkdata.uspto.gov/data/patent/officialgazette/2021/e-OG20210323_1484-4.zip
12,https://bulkdata.uspto.gov/data/patent/officialgazette/2021/e-OG20210330_1484-5.zip
13,https://bulkdata.uspto.gov/data/patent/officialgazette/2021/e-OG20210406_1485-1.zip
14,https://bulkdata.uspto.gov/data/patent/officialgazette/2021/e-OG20210413_1485-2.zip
15,https://bulkdata.uspto.gov/data/patent/officialgazette/2021/e-OG20210420_1485-3.zip
16,https://bulkdata.uspto.gov/data/patent/officialgazette/2021/e-OG20210427_1485-4.zip
17,https://bulkdata.uspto.gov/data/patent/officialgazette/2021/e-OG20210504_1486-1.zip
18,https://bulkdata.uspto.gov/data/patent/officialgazette/2021/e-OG20210511_1486-2.zip
19,https://bulkdata.uspto.gov/data/patent/officialgazette/2021/e-OG20210518_1486-3.zip
20,https://bulkdata.uspto.gov/data/patent/officialgazette/2021/e-OG20210525_1486-4.zip
21,https://bulkdata.uspto.gov/data/patent/officialgazette/2021/e-OG20210601_1487-1.zip
22,https://bulkdata.uspto.gov/data/patent/officialgazette/2021/e-OG20210608_1487-2.zip
23,https://bulkdata.uspto.gov/data/patent/officialgazette/2021/e-OG20210615_1487-3.zip
24,https://bulkdata.uspto.gov/data/patent/officialgazette/2021/e-OG20210622_1487-4.zip
25,https://bulkdata.uspto.gov/data/patent/officialgazette/2021/e-OG20210629_1487-5.zip
26,https://bulkdata.uspto.gov/data/patent/officialgazette/2021/e-OG20210706_1488-1.zip
27,https://bulkdata.uspto.gov/data/patent/officialgazette/2021/e-OG20210713_1488-2.zip
28,https://bulkdata.uspto.gov/data/patent/officialgazette/2021/e-OG20210720_1488-3.zip
29,https://bulkdata.uspto.gov/data/patent/officialgazette/2021/e-OG20210727_1488-4.zip
30,https://bulkdata.uspto.gov/data/patent/officialgazette/2021/e-OG20210803_1489-1.zip
31,https://bulkdata.uspto.gov/data/patent/officialgazette/2021/e-OG20210810_1489-2.zip
32,https://bulkdata.uspto.gov/data/patent/officialgazette/2021/e-OG20210817_1489-3.zip
33,https://bulkdata.uspto.gov/data/patent/officialgazette/2021/e-OG20210824_1489-4.zip
34,https://bulkdata.uspto.gov/data/patent/officialgazette/2021/e-OG20210831_1489-5.zip
35,https://bulkdata.uspto.gov/data/patent/officialgazette/2021/e-OG20210907_1490-1.zip
36,https://bulkdata.uspto.gov/data/patent/officialgazette/2021/e-OG20210914_1490-2.zip
37,https://bulkdata.uspto.gov/data/patent/officialgazette/2021/e-OG20210921_1490-3.zip
38,https://bulkdata.uspto.gov/data/patent/officialgazette/2021/e-OG20210928_1490-4.zip
39,https://bulkdata.uspto.gov/data/patent/officialgazette/2021/e-OG20211005_1491-1.zip
40,https://bulkdata.uspto.gov/data/patent/officialgazette/2021/e-OG20211012_1491-2.zip
41,https://bulkdata.uspto.gov/data/patent/officialgazette/2021/e-OG20211019_1491-3.zip
42,https://bulkdata.uspto.gov/data/patent/officialgazette/2020/e-OG20200107_1470-1.zip
43,https://bulkdata.uspto.gov/data/patent/officialgazette/2020/e-OG20200114_1470-2.zip
44,https://bulkdata.uspto.gov/data/patent/officialgazette/2020/e-OG20200121_1470-3.zip
45,https://bulkdata.uspto.gov/data/patent/officialgazette/2020/e-OG20200128_1470-4.zip
46,https://bulkdata.uspto.gov/data/patent/officialgazette/2020/e-OG20200204_1471-1.zip
47,https://bulkdata.uspto.gov/data/patent/officialgazette/2020/e-OG20200211_1471-2.zip
48,https://bulkdata.uspto.gov/data/patent/officialgazette/2020/e-OG20200218_1471-3.zip
49,https://bulkdata.uspto.gov/data/patent/officialgazette/2020/e-OG20200225_1471-4.zip
50,https://bulkdata.uspto.gov/data/patent/officialgazette/2020/e-OG20200303_1472-1.zip
51,https://bulkdata.uspto.gov/data/patent/officialgazette/2020/e-OG20200310_1472-2.zip
52,https://bulkdata.uspto.gov/data/patent/officialgazette/2020/e-OG20200317_1472-3.zip
53,https://bulkdata.uspto.gov/data/patent/officialgazette/2020/e-OG20200317_1472-3_r1.zip
54,https://bulkdata.uspto.gov/data/patent/officialgazette/2020/e-OG20200324_1472-4.zip
55,https://bulkdata.uspto.gov/data/patent/officialgazette/2020/e-OG20200331_1472-5.zip
56,https://bulkdata.uspto.gov/data/patent/officialgazette/2020/e-OG20200407_1473-1.zip
57,https://bulkdata.uspto.gov/data/patent/officialgazette/2020/e-OG20200414_1473-2.zip
58,https://bulkdata.uspto.gov/data/patent/officialgazette/2020/e-OG20200421_1473-3.zip
59,https://bulkdata.uspto.gov/data/patent/officialgazette/2020/e-OG20200428_1473-4.zip
60,https://bulkdata.uspto.gov/data/patent/officialgazette/2020/e-OG20200505_1474-1.zip
61,https://bulkdata.uspto.gov/data/patent/officialgazette/2020/e-OG20200512_1474-2.zip
62,https://bulkdata.uspto.gov/data/patent/officialgazette/2020/e-OG20200519_1474-3.zip
63,https://bulkdata.uspto.gov/data/patent/officialgazette/2020/e-OG20200526_1474-4.zip
64,https://bulkdata.uspto.gov/data/patent/officialgazette/2020/e-OG20200602_1475-1.zip
65,https://bulkdata.uspto.gov/data/patent/officialgazette/2020/e-OG20200609_1475-2.zip
66,https://bulkdata.uspto.gov/data/patent/officialgazette/2020/e-OG20200616_1475-3.zip
67,https://bulkdata.uspto.gov/data/patent/officialgazette/2020/e-OG20200623_1475-4.zip
68,https://bulkdata.uspto.gov/data/patent/officialgazette/2020/e-OG20200630_1475-5.zip
69,https://bulkdata.uspto.gov/data/patent/officialgazette/2020/e-OG20200707_1476-1.zip
70,https://bulkdata.uspto.gov/data/patent/officialgazette/2020/e-OG20200714_1476-2.zip
71,https://bulkdata.uspto.gov/data/patent/officialgazette/2020/e-OG20200721_1476-3.zip
72,https://bulkdata.uspto.gov/data/patent/officialgazette/2020/e-OG20200728_1476-4.zip
73,https://bulkdata.uspto.gov/data/patent/officialgazette/2020/e-OG20200804_1477-1.zip
74,https://bulkdata.uspto.gov/data/patent/officialgazette/2020/e-OG20200811_1477-2.zip
75,https://bulkdata.uspto.gov/data/patent/officialgazette/2020/e-OG20200818_1477-3.zip
76,https://bulkdata.uspto.gov/data/patent/officialgazette/2020/e-OG20200825_1477-4.zip
77,https://bulkdata.uspto.gov/data/patent/officialgazette/2020/e-OG20200901_1478-1.zip
78,https://bulkdata.uspto.gov/data/patent/officialgazette/2020/e-OG20200908_1478-2.zip
79,https://bulkdata.uspto.gov/data/patent/officialgazette/2020/e-OG20200915_1478-3.zip
80,https://bulkdata.uspto.gov/data/patent/officialgazette/2020/e-OG20200922_1478-4.zip
81,https://bulkdata.uspto.gov/data/patent/officialgazette/2020/e-OG20200929_1478-5.zip
82,https://bulkdata.uspto.gov/data/patent/officialgazette/2020/e-OG20201006_1479-1.zip
83,https://bulkdata.uspto.gov/data/patent/officialgazette/2020/e-OG20201013_1479-2.zip
84,https://bulkdata.uspto.gov/data/patent/officialgazette/2020/e-OG20201020_1479-3.zip
85,https://bulkdata.uspto.gov/data/patent/officialgazette/2020/e-OG20201027_1479-4.zip
86,https://bulkdata.uspto.gov/data/patent/officialgazette/2020/e-OG20201103_1480-1.zip
87,https://bulkdata.uspto.gov/data/patent/officialgazette/2020/e-OG20201110_1480-2.zip
88,https://bulkdata.uspto.gov/data/patent/officialgazette/2020/e-OG20201117_1480-3.zip
89,https://bulkdata.uspto.gov/data/patent/officialgazette/2020/e-OG20201124_1480-4.zip
90,https://bulkdata.uspto.gov/data/patent/officialgazette/2020/e-OG20201201_1481-1.zip
91,https://bulkdata.uspto.gov/data/patent/officialgazette/2020/e-OG20201208_1481-2.zip
92,https://bulkdata.uspto.gov/data/patent/officialgazette/2020/e-OG20201215_1481-3.zip
93,https://bulkdata.uspto.gov/data/patent/officialgazette/2020/e-OG20201222_1481-4.zip
94,https://bulkdata.uspto.gov/data/patent/officialgazette/2020/e-OG20201229_1481-5.zip
95,https://bulkdata.uspto.gov/data/patent/officialgazette/2019/e-OG20190101_1458-1.zip
96,https://bulkdata.uspto.gov/data/patent/officialgazette/2019/e-OG20190108_1458-2.zip
97,https://bulkdata.uspto.gov/data/patent/officialgazette/2019/e-OG20190115_1458-3.zip
98,https://bulkdata.uspto.gov/data/patent/officialgazette/2019/e-OG20190122_1458-4.zip
99,https://bulkdata.uspto.gov/data/patent/officialgazette/2019/e-OG20190129_1458-5.zip
100,https://bulkdata.uspto.gov/data/patent/officialgazette/2019/e-OG20190205_1459-1.zip
101,https://bulkdata.uspto.gov/data/patent/officialgazette/2019/e-OG20190212_1459-2.zip
102,https://bulkdata.uspto.gov/data/patent/officialgazette/2019/e-OG20190219_1459-3.zip
103,https://bulkdata.uspto.gov/data/patent/officialgazette/2019/e-OG20190226_1459-4.zip
104,https://bulkdata.uspto.gov/data/patent/officialgazette/2019/e-OG20190305_1460-1.zip
105,https://bulkdata.uspto.gov/data/patent/officialgazette/2019/e-OG20190312_1460-2.zip
106,https://bulkdata.uspto.gov/data/patent/officialgazette/2019/e-OG20190319_1460-3.zip
107,https://bulkdata.uspto.gov/data/patent/officialgazette/2019/e-OG20190326_1460-4.zip
108,https://bulkdata.uspto.gov/data/patent/officialgazette/2019/e-OG20190402_1461-1.zip
109,https://bulkdata.uspto.gov/data/patent/officialgazette/2019/e-OG20190409_1461-2.zip
110,https://bulkdata.uspto.gov/data/patent/officialgazette/2019/e-OG20190416_1461-3.zip
111,https://bulkdata.uspto.gov/data/patent/officialgazette/2019/e-OG20190423_1461-4.zip
112,https://bulkdata.uspto.gov/data/patent/officialgazette/2019/e-OG20190430_1461-5.zip
113,https://bulkdata.uspto.gov/data/patent/officialgazette/2019/e-OG20190507_1462-1.zip
114,https://bulkdata.uspto.gov/data/patent/officialgazette/2019/e-OG20190514_1462-2.zip
115,https://bulkdata.uspto.gov/data/patent/officialgazette/2019/e-OG20190521_1462-3.zip
116,https://bulkdata.uspto.gov/data/patent/officialgazette/2019/e-OG20190528_1462-4.zip
117,https://bulkdata.uspto.gov/data/patent/officialgazette/2019/e-OG20190604_1463-1.zip
118,https://bulkdata.uspto.gov/data/patent/officialgazette/2019/e-OG20190611_1463-2.zip
119,https://bulkdata.uspto.gov/data/patent/officialgazette/2019/e-OG20190618_1463-3.zip
120,https://bulkdata.uspto.gov/data/patent/officialgazette/2019/e-OG20190625_1463-4.zip
121,https://bulkdata.uspto.gov/data/patent/officialgazette/2019/e-OG20190702_1464-1.zip
122,https://bulkdata.uspto.gov/data/patent/officialgazette/2019/e-OG20190709_1464-2.zip
123,https://bulkdata.uspto.gov/data/patent/officialgazette/2019/e-OG20190716_1464-3.zip
124,https://bulkdata.uspto.gov/data/patent/officialgazette/2019/e-OG20190723_1464-4.zip
125,https://bulkdata.uspto.gov/data/patent/officialgazette/2019/e-OG20190730_1464-5.zip
126,https://bulkdata.uspto.gov/data/patent/officialgazette/2019/e-OG20190806_1465-1.zip
127,https://bulkdata.uspto.gov/data/patent/officialgazette/2019/e-OG20190813_1465-2.zip
128,https://bulkdata.uspto.gov/data/patent/officialgazette/2019/e-OG20190820_1465-3.zip
129,https://bulkdata.uspto.gov/data/patent/officialgazette/2019/e-OG20190827_1465-4.zip
130,https://bulkdata.uspto.gov/data/patent/officialgazette/2019/e-OG20190903_1466-1.zip
131,https://bulkdata.uspto.gov/data/patent/officialgazette/2019/e-OG20190910_1466-2.zip
132,https://bulkdata.uspto.gov/data/patent/officialgazette/2019/e-OG20190917_1466-3.zip
133,https://bulkdata.uspto.gov/data/patent/officialgazette/2019/e-OG20190924_1466-4.zip
134,https://bulkdata.uspto.gov/data/patent/officialgazette/2019/e-OG20191001_1467-1.zip
135,https://bulkdata.uspto.gov/data/patent/officialgazette/2019/e-OG20191008_1467-2.zip
136,https://bulkdata.uspto.gov/data/patent/officialgazette/2019/e-OG20191015_1467-3.zip
137,https://bulkdata.uspto.gov/data/patent/officialgazette/2019/e-OG20191022_1467-4.zip
138,https://bulkdata.uspto.gov/data/patent/officialgazette/2019/e-OG20191029_1467-5.zip
139,https://bulkdata.uspto.gov/data/patent/officialgazette/2019/e-OG20191105_1468-1.zip
140,https://bulkdata.uspto.gov/data/patent/officialgazette/2019/e-OG20191112_1468-2.zip
141,https://bulkdata.uspto.gov/data/patent/officialgazette/2019/e-OG20191119_1468-3.zip
142,https://bulkdata.uspto.gov/data/patent/officialgazette/2019/e-OG20191126_1468-4.zip
143,https://bulkdata.uspto.gov/data/patent/officialgazette/2019/e-OG20191203_1469-1.zip
144,https://bulkdata.uspto.gov/data/patent/officialgazette/2019/e-OG20191210_1469-2.zip
145,https://bulkdata.uspto.gov/data/patent/officialgazette/2019/e-OG20191217_1469-3.zip
146,https://bulkdata.uspto.gov/data/patent/officialgazette/2019/e-OG20191224_1469-4.zip
147,https://bulkdata.uspto.gov/data/patent/officialgazette/2019/e-OG20191231_1469-5.zip
148,https://bulkdata.uspto.gov/data/patent/officialgazette/2018/e-OG20180102_1446-1.zip
149,https://bulkdata.uspto.gov/data/patent/officialgazette/2018/e-OG20180109_1446-2.zip
150,https://bulkdata.uspto.gov/data/patent/officialgazette/2018/e-OG20180116_1446-3.zip
151,https://bulkdata.uspto.gov/data/patent/officialgazette/2018/e-OG20180123_1446-4.zip
152,https://bulkdata.uspto.gov/data/patent/officialgazette/2018/e-OG20180130_1446-5.zip
153,https://bulkdata.uspto.gov/data/patent/officialgazette/2018/e-OG20180206_1447-1.zip
154,https://bulkdata.uspto.gov/data/patent/officialgazette/2018/e-OG20180213_1447-2.zip
155,https://bulkdata.uspto.gov/data/patent/officialgazette/2018/e-OG20180220_1447-3.zip
156,https://bulkdata.uspto.gov/data/patent/officialgazette/2018/e-OG20180227_1447-4.zip
157,https://bulkdata.uspto.gov/data/patent/officialgazette/2018/e-OG20180306_1448-1.zip
158,https://bulkdata.uspto.gov/data/patent/officialgazette/2018/e-OG20180313_1448-2.zip
159,https://bulkdata.uspto.gov/data/patent/officialgazette/2018/e-OG20180320_1448-3.zip
160,https://bulkdata.uspto.gov/data/patent/officialgazette/2018/e-OG20180327_1448-4.zip
161,https://bulkdata.uspto.gov/data/patent/officialgazette/2018/e-OG20180403_1449-1.zip
162,https://bulkdata.uspto.gov/data/patent/officialgazette/2018/e-OG20180410_1449-2.zip
163,https://bulkdata.uspto.gov/data/patent/officialgazette/2018/e-OG20180417_1449-3.zip
164,https://bulkdata.uspto.gov/data/patent/officialgazette/2018/e-OG20180424_1449-4.zip
165,https://bulkdata.uspto.gov/data/patent/officialgazette/2018/e-OG20180501_1450-1.zip
166,https://bulkdata.uspto.gov/data/patent/officialgazette/2018/e-OG20180508_1450-2.zip
167,https://bulkdata.uspto.gov/data/patent/officialgazette/2018/e-OG20180515_1450-3.zip
168,https://bulkdata.uspto.gov/data/patent/officialgazette/2018/e-OG20180522_1450-4.zip
169,https://bulkdata.uspto.gov/data/patent/officialgazette/2018/e-OG20180529_1450-5.zip
170,https://bulkdata.uspto.gov/data/patent/officialgazette/2018/e-OG20180605_1451-1.zip
171,https://bulkdata.uspto.gov/data/patent/officialgazette/2018/e-OG20180612_1451-2.zip
172,https://bulkdata.uspto.gov/data/patent/officialgazette/2018/e-OG20180619_1451-3.zip
173,https://bulkdata.uspto.gov/data/patent/officialgazette/2018/e-OG20180626_1451-4.zip
174,https://bulkdata.uspto.gov/data/patent/officialgazette/2018/e-OG20180703_1452-1.zip
175,https://bulkdata.uspto.gov/data/patent/officialgazette/2018/e-OG20180710_1452-2.zip
176,https://bulkdata.uspto.gov/data/patent/officialgazette/2018/e-OG20180717_1452-3.zip
177,https://bulkdata.uspto.gov/data/patent/officialgazette/2018/e-OG20180724_1452-4.zip
178,https://bulkdata.uspto.gov/data/patent/officialgazette/2018/e-OG20180731_1452-5.zip
179,https://bulkdata.uspto.gov/data/patent/officialgazette/2018/e-OG20180807_1453-1.zip
180,https://bulkdata.uspto.gov/data/patent/officialgazette/2018/e-OG20180814_1453-2.zip
181,https://bulkdata.uspto.gov/data/patent/officialgazette/2018/e-OG20180821_1453-3.zip
182,https://bulkdata.uspto.gov/data/patent/officialgazette/2018/e-OG20180828_1453-4.zip
183,https://bulkdata.uspto.gov/data/patent/officialgazette/2018/e-OG20180904_1454-1.zip
184,https://bulkdata.uspto.gov/data/patent/officialgazette/2018/e-OG20180911_1454-2.zip
185,https://bulkdata.uspto.gov/data/patent/officialgazette/2018/e-OG20180918_1454-3.zip
186,https://bulkdata.uspto.gov/data/patent/officialgazette/2018/e-OG20180925_1454-4.zip
187,https://bulkdata.uspto.gov/data/patent/officialgazette/2018/e-OG20181002_1455-1.zip
188,https://bulkdata.uspto.gov/data/patent/officialgazette/2018/e-OG20181009_1455-2.zip
189,https://bulkdata.uspto.gov/data/patent/officialgazette/2018/e-OG20181016_1455-3.zip
190,https://bulkdata.uspto.gov/data/patent/officialgazette/2018/e-OG20181023_1455-4.zip
191,https://bulkdata.uspto.gov/data/patent/officialgazette/2018/e-OG20181030_1455-5.zip
192,https://bulkdata.uspto.gov/data/patent/officialgazette/2018/e-OG20181106_1456-1.zip
193,https://bulkdata.uspto.gov/data/patent/officialgazette/2018/e-OG20181113_1456-2.zip
194,https://bulkdata.uspto.gov/data/patent/officialgazette/2018/e-OG20181120_1456-3.zip
195,https://bulkdata.uspto.gov/data/patent/officialgazette/2018/e-OG20181127_1456-4.zip
196,https://bulkdata.uspto.gov/data/patent/officialgazette/2018/e-OG20181204_1457-1.zip
197,https://bulkdata.uspto.gov/data/patent/officialgazette/2018/e-OG20181211_1457-2.zip
198,https://bulkdata.uspto.gov/data/patent/officialgazette/2018/e-OG20181218_1457-3.zip
199,https://bulkdata.uspto.gov/data/patent/officialgazette/2018/e-OG20181225_1457-4.zip
200,https://bulkdata.uspto.gov/data/patent/officialgazette/2017/e-OG20170103_1434-1.zip
201,https://bulkdata.uspto.gov/data/patent/officialgazette/2017/e-OG20170110_1434-2.zip
202,https://bulkdata.uspto.gov/data/patent/officialgazette/2017/e-OG20170117_1434-3.zip
203,https://bulkdata.uspto.gov/data/patent/officialgazette/2017/e-OG20170124_1434-4.zip
204,https://bulkdata.uspto.gov/data/patent/officialgazette/2017/e-OG20170131_1434-5.zip
205,https://bulkdata.uspto.gov/data/patent/officialgazette/2017/e-OG20170207_1435-1.zip
206,https://bulkdata.uspto.gov/data/patent/officialgazette/2017/e-OG20170214_1435-2.zip
207,https://bulkdata.uspto.gov/data/patent/officialgazette/2017/e-OG20170221_1435-3.zip
208,https://bulkdata.uspto.gov/data/patent/officialgazette/2017/e-OG20170228_1435-4.zip
209,https://bulkdata.uspto.gov/data/patent/officialgazette/2017/e-OG20170307_1436-1.zip
210,https://bulkdata.uspto.gov/data/patent/officialgazette/2017/e-OG20170314_1436-2.zip
211,https://bulkdata.uspto.gov/data/patent/officialgazette/2017/e-OG20170321_1436-3.zip
212,https://bulkdata.uspto.gov/data/patent/officialgazette/2017/e-OG20170328_1436-4.zip
213,https://bulkdata.uspto.gov/data/patent/officialgazette/2017/e-OG20170404_1437-1.zip
214,https://bulkdata.uspto.gov/data/patent/officialgazette/2017/e-OG20170411_1437-2.zip
215,https://bulkdata.uspto.gov/data/patent/officialgazette/2017/e-OG20170418_1437-3.zip
216,https://bulkdata.uspto.gov/data/patent/officialgazette/2017/e-OG20170425_1437-4.zip
217,https://bulkdata.uspto.gov/data/patent/officialgazette/2017/e-OG20170502_1438-1.zip
218,https://bulkdata.uspto.gov/data/patent/officialgazette/2017/e-OG20170509_1438-2.zip
219,https://bulkdata.uspto.gov/data/patent/officialgazette/2017/e-OG20170516_1438-3.zip
220,https://bulkdata.uspto.gov/data/patent/officialgazette/2017/e-OG20170523_1438-4.zip
221,https://bulkdata.uspto.gov/data/patent/officialgazette/2017/e-OG20170530_1438-5.zip
222,https://bulkdata.uspto.gov/data/patent/officialgazette/2017/e-OG20170606_1439-1.zip
223,https://bulkdata.uspto.gov/data/patent/officialgazette/2017/e-OG20170613_1439-2.zip
224,https://bulkdata.uspto.gov/data/patent/officialgazette/2017/e-OG20170620_1439-3.zip
225,https://bulkdata.uspto.gov/data/patent/officialgazette/2017/e-OG20170627_1439-4.zip
226,https://bulkdata.uspto.gov/data/patent/officialgazette/2017/e-OG20170704_1440-1.zip
227,https://bulkdata.uspto.gov/data/patent/officialgazette/2017/e-OG20170711_1440-2.zip
228,https://bulkdata.uspto.gov/data/patent/officialgazette/2017/e-OG20170718_1440-3.zip
229,https://bulkdata.uspto.gov/data/patent/officialgazette/2017/e-OG20170725_1440-4.zip
230,https://bulkdata.uspto.gov/data/patent/officialgazette/2017/e-OG20170801_1441-1.zip
231,https://bulkdata.uspto.gov/data/patent/officialgazette/2017/e-OG20170808_1441-2.zip
232,https://bulkdata.uspto.gov/data/patent/officialgazette/2017/e-OG20170815_1441-3.zip
233,https://bulkdata.uspto.gov/data/patent/officialgazette/2017/e-OG20170822_1441-4.zip
234,https://bulkdata.uspto.gov/data/patent/officialgazette/2017/e-OG20170829_1441-5.zip
235,https://bulkdata.uspto.gov/data/patent/officialgazette/2017/e-OG20170905_1442-1.zip
236,https://bulkdata.uspto.gov/data/patent/officialgazette/2017/e-OG20170912_1442-2.zip
237,https://bulkdata.uspto.gov/data/patent/officialgazette/2017/e-OG20170919_1442-3.zip
238,https://bulkdata.uspto.gov/data/patent/officialgazette/2017/e-OG20170926_1442-4.zip
239,https://bulkdata.uspto.gov/data/patent/officialgazette/2017/e-OG20171003_1443-1.zip
240,https://bulkdata.uspto.gov/data/patent/officialgazette/2017/e-OG20171010_1443-2.zip
241,https://bulkdata.uspto.gov/data/patent/officialgazette/2017/e-OG20171017_1443-3.zip
242,https://bulkdata.uspto.gov/data/patent/officialgazette/2017/e-OG20171024_1443-4.zip
243,https://bulkdata.uspto.gov/data/patent/officialgazette/2017/e-OG20171031_1443-5.zip
244,https://bulkdata.uspto.gov/data/patent/officialgazette/2017/e-OG20171107_1444-1.zip
245,https://bulkdata.uspto.gov/data/patent/officialgazette/2017/e-OG20171114_1444-2.zip
246,https://bulkdata.uspto.gov/data/patent/officialgazette/2017/e-OG20171121_1444-3.zip
247,https://bulkdata.uspto.gov/data/patent/officialgazette/2017/e-OG20171128_1444-4.zip
248,https://bulkdata.uspto.gov/data/patent/officialgazette/2017/e-OG20171205_1445-1.zip
249,https://bulkdata.uspto.gov/data/patent/officialgazette/2017/e-OG20171212_1445-2.zip
250,https://bulkdata.uspto.gov/data/patent/officialgazette/2017/e-OG20171219_1445-3.zip
251,https://bulkdata.uspto.gov/data/patent/officialgazette/2017/e-OG20171226_1445-4.zip
252,https://bulkdata.uspto.gov/data/patent/officialgazette/2016/e-OG20160105_1422-1.zip
253,https://bulkdata.uspto.gov/data/patent/officialgazette/2016/e-OG20160112_1422-2.zip
254,https://bulkdata.uspto.gov/data/patent/officialgazette/2016/e-OG20160119_1422-3.zip
255,https://bulkdata.uspto.gov/data/patent/officialgazette/2016/e-OG20160126_1422-4.zip
256,https://bulkdata.uspto.gov/data/patent/officialgazette/2016/e-OG20160202_1423-1.zip
257,https://bulkdata.uspto.gov/data/patent/officialgazette/2016/e-OG20160209_1423-2.zip
258,https://bulkdata.uspto.gov/data/patent/officialgazette/2016/e-OG20160216_1423-3.zip
259,https://bulkdata.uspto.gov/data/patent/officialgazette/2016/e-OG20160223_1423-4.zip
260,https://bulkdata.uspto.gov/data/patent/officialgazette/2016/e-OG20160301_1424-1.zip
261,https://bulkdata.uspto.gov/data/patent/officialgazette/2016/e-OG20160308_1424-2.zip
262,https://bulkdata.uspto.gov/data/patent/officialgazette/2016/e-OG20160315_1424-3.zip
263,https://bulkdata.uspto.gov/data/patent/officialgazette/2016/e-OG20160322_1424-4.zip
264,https://bulkdata.uspto.gov/data/patent/officialgazette/2016/e-OG20160329_1424-5.zip
265,https://bulkdata.uspto.gov/data/patent/officialgazette/2016/e-OG20160405_1425-1.zip
266,https://bulkdata.uspto.gov/data/patent/officialgazette/2016/e-OG20160412_1425-2.zip
267,https://bulkdata.uspto.gov/data/patent/officialgazette/2016/e-OG20160419_1425-3.zip
268,https://bulkdata.uspto.gov/data/patent/officialgazette/2016/e-OG20160426_1425-4.zip
269,https://bulkdata.uspto.gov/data/patent/officialgazette/2016/e-OG20160503_1426-1.zip
270,https://bulkdata.uspto.gov/data/patent/officialgazette/2016/e-OG20160510_1426-2.zip
271,https://bulkdata.uspto.gov/data/patent/officialgazette/2016/e-OG20160517_1426-3.zip
272,https://bulkdata.uspto.gov/data/patent/officialgazette/2016/e-OG20160524_1426-4.zip
273,https://bulkdata.uspto.gov/data/patent/officialgazette/2016/e-OG20160531_1426-5.zip
274,https://bulkdata.uspto.gov/data/patent/officialgazette/2016/e-OG20160607_1427-1.zip
275,https://bulkdata.uspto.gov/data/patent/officialgazette/2016/e-OG20160614_1427-2.zip
276,https://bulkdata.uspto.gov/data/patent/officialgazette/2016/e-OG20160621_1427-3.zip
277,https://bulkdata.uspto.gov/data/patent/officialgazette/2016/e-OG20160628_1427-4.zip
278,https://bulkdata.uspto.gov/data/patent/officialgazette/2016/e-OG20160705_1428-1.zip
279,https://bulkdata.uspto.gov/data/patent/officialgazette/2016/e-OG20160712_1428-2.zip
280,https://bulkdata.uspto.gov/data/patent/officialgazette/2016/e-OG20160719_1428-3.zip
281,https://bulkdata.uspto.gov/data/patent/officialgazette/2016/e-OG20160726_1428-4.zip
282,https://bulkdata.uspto.gov/data/patent/officialgazette/2016/e-OG20160802_1429-1.zip
283,https://bulkdata.uspto.gov/data/patent/officialgazette/2016/e-OG20160809_1429-2.zip
284,https://bulkdata.uspto.gov/data/patent/officialgazette/2016/e-OG20160816_1429-3.zip
285,https://bulkdata.uspto.gov/data/patent/officialgazette/2016/e-OG20160823_1429-4.zip
286,https://bulkdata.uspto.gov/data/patent/officialgazette/2016/e-OG20160830_1429-5.zip
287,https://bulkdata.uspto.gov/data/patent/officialgazette/2016/e-OG20160906_1430-1.zip
288,https://bulkdata.uspto.gov/data/patent/officialgazette/2016/e-OG20160913_1430-2.zip
289,https://bulkdata.uspto.gov/data/patent/officialgazette/2016/e-OG20160920_1430-3.zip
290,https://bulkdata.uspto.gov/data/patent/officialgazette/2016/e-OG20160927_1430-4.zip
291,https://bulkdata.uspto.gov/data/patent/officialgazette/2016/e-OG20161004_1431-1.zip
292,https://bulkdata.uspto.gov/data/patent/officialgazette/2016/e-OG20161011_1431-2.zip
293,https://bulkdata.uspto.gov/data/patent/officialgazette/2016/e-OG20161018_1431-3.zip
294,https://bulkdata.uspto.gov/data/patent/officialgazette/2016/e-OG20161025_1431-4.zip
295,https://bulkdata.uspto.gov/data/patent/officialgazette/2016/e-OG20161101_1432-1.zip
296,https://bulkdata.uspto.gov/data/patent/officialgazette/2016/e-OG20161108_1432-2.zip
297,https://bulkdata.uspto.gov/data/patent/officialgazette/2016/e-OG20161115_1432-3.zip
298,https://bulkdata.uspto.gov/data/patent/officialgazette/2016/e-OG20161122_1432-4.zip
299,https://bulkdata.uspto.gov/data/patent/officialgazette/2016/e-OG20161129_1432-5.zip
300,https://bulkdata.uspto.gov/data/patent/officialgazette/2016/e-OG20161206_1433-1.zip
301,https://bulkdata.uspto.gov/data/patent/officialgazette/2016/e-OG20161213_1433-2.zip
302,https://bulkdata.uspto.gov/data/patent/officialgazette/2016/e-OG20161220_1433-3.zip
303,https://bulkdata.uspto.gov/data/patent/officialgazette/2016/e-OG20161227_1433-4.zip
304,https://bulkdata.uspto.gov/data/patent/officialgazette/2015/e-OG20150106_1410-1.zip
305,https://bulkdata.uspto.gov/data/patent/officialgazette/2015/e-OG20150113_1410-2.zip
306,https://bulkdata.uspto.gov/data/patent/officialgazette/2015/e-OG20150120_1410-3.zip
307,https://bulkdata.uspto.gov/data/patent/officialgazette/2015/e-OG20150127_1410-4.zip
308,https://bulkdata.uspto.gov/data/patent/officialgazette/2015/e-OG20150203_1411-1.zip
309,https://bulkdata.uspto.gov/data/patent/officialgazette/2015/e-OG20150210_1411-2.zip
310,https://bulkdata.uspto.gov/data/patent/officialgazette/2015/e-OG20150217_1411-3.zip
311,https://bulkdata.uspto.gov/data/patent/officialgazette/2015/e-OG20150224_1411-4.zip
312,https://bulkdata.uspto.gov/data/patent/officialgazette/2015/e-OG20150303_1412-1.zip
313,https://bulkdata.uspto.gov/data/patent/officialgazette/2015/e-OG20150310_1412-2.zip
314,https://bulkdata.uspto.gov/data/patent/officialgazette/2015/e-OG20150317_1412-3.zip
315,https://bulkdata.uspto.gov/data/patent/officialgazette/2015/e-OG20150324_1412-4.zip
316,https://bulkdata.uspto.gov/data/patent/officialgazette/2015/e-OG20150331_1412-5.zip
317,https://bulkdata.uspto.gov/data/patent/officialgazette/2015/e-OG20150407_1413-1.zip
318,https://bulkdata.uspto.gov/data/patent/officialgazette/2015/e-OG20150414_1413-2.zip
319,https://bulkdata.uspto.gov/data/patent/officialgazette/2015/e-OG20150421_1413-3.zip
320,https://bulkdata.uspto.gov/data/patent/officialgazette/2015/e-OG20150428_1413-4.zip
321,https://bulkdata.uspto.gov/data/patent/officialgazette/2015/e-OG20150505_1414-1.zip
322,https://bulkdata.uspto.gov/data/patent/officialgazette/2015/e-OG20150512_1414-2.zip
323,https://bulkdata.uspto.gov/data/patent/officialgazette/2015/e-OG20150519_1414-3.zip
324,https://bulkdata.uspto.gov/data/patent/officialgazette/2015/e-OG20150526_1414-4.zip
325,https://bulkdata.uspto.gov/data/patent/officialgazette/2015/e-OG20150602_1415-1.zip
326,https://bulkdata.uspto.gov/data/patent/officialgazette/2015/e-OG20150609_1415-2.zip
327,https://bulkdata.uspto.gov/data/patent/officialgazette/2015/e-OG20150616_1415-3.zip
328,https://bulkdata.uspto.gov/data/patent/officialgazette/2015/e-OG20150623_1415-4.zip
329,https://bulkdata.uspto.gov/data/patent/officialgazette/2015/e-OG20150630_1415-5.zip
330,https://bulkdata.uspto.gov/data/patent/officialgazette/2015/e-OG20150707_1416-1.zip
331,https://bulkdata.uspto.gov/data/patent/officialgazette/2015/e-OG20150714_1416-2.zip
332,https://bulkdata.uspto.gov/data/patent/officialgazette/2015/e-OG20150721_1416-3.zip
333,https://bulkdata.uspto.gov/data/patent/officialgazette/2015/e-OG20150728_1416-4.zip
334,https://bulkdata.uspto.gov/data/patent/officialgazette/2015/e-OG20150804_1417-1.zip
335,https://bulkdata.uspto.gov/data/patent/officialgazette/2015/e-OG20150811_1417-2.zip
336,https://bulkdata.uspto.gov/data/patent/officialgazette/2015/e-OG20150818_1417-3.zip
337,https://bulkdata.uspto.gov/data/patent/officialgazette/2015/e-OG20150825_1417-4.zip
338,https://bulkdata.uspto.gov/data/patent/officialgazette/2015/e-OG20150901_1418-1.zip
339,https://bulkdata.uspto.gov/data/patent/officialgazette/2015/e-OG20150908_1418-2.zip
340,https://bulkdata.uspto.gov/data/patent/officialgazette/2015/e-OG20150915_1418-3.zip
341,https://bulkdata.uspto.gov/data/patent/officialgazette/2015/e-OG20150922_1418-4.zip
342,https://bulkdata.uspto.gov/data/patent/officialgazette/2015/e-OG20150929_1418-5.zip
343,https://bulkdata.uspto.gov/data/patent/officialgazette/2015/e-OG20151006_1419-1.zip
344,https://bulkdata.uspto.gov/data/patent/officialgazette/2015/e-OG20151013_1419-2.zip
345,https://bulkdata.uspto.gov/data/patent/officialgazette/2015/e-OG20151020_1419-3.zip
346,https://bulkdata.uspto.gov/data/patent/officialgazette/2015/e-OG20151027_1419-4.zip
347,https://bulkdata.uspto.gov/data/patent/officialgazette/2015/e-OG20151103_1420-1.zip
348,https://bulkdata.uspto.gov/data/patent/officialgazette/2015/e-OG20151110_1420-2.zip
349,https://bulkdata.uspto.gov/data/patent/officialgazette/2015/e-OG20151117_1420-3.zip
350,https://bulkdata.uspto.gov/data/patent/officialgazette/2015/e-OG20151124_1420-4.zip
351,https://bulkdata.uspto.gov/data/patent/officialgazette/2015/e-OG20151201_1421-1.zip
352,https://bulkdata.uspto.gov/data/patent/officialgazette/2015/e-OG20151208_1421-2.zip
353,https://bulkdata.uspto.gov/data/patent/officialgazette/2015/e-OG20151215_1421-3.zip
354,https://bulkdata.uspto.gov/data/patent/officialgazette/2015/e-OG20151222_1421-4.zip
355,https://bulkdata.uspto.gov/data/patent/officialgazette/2015/e-OG20151229_1421-5.zip
356,https://bulkdata.uspto.gov/data/patent/officialgazette/2014/e-OG20140107_1398-1.zip
357,https://bulkdata.uspto.gov/data/patent/officialgazette/2014/e-OG20140114_1398-2.zip
358,https://bulkdata.uspto.gov/data/patent/officialgazette/2014/e-OG20140121_1398-3.zip
359,https://bulkdata.uspto.gov/data/patent/officialgazette/2014/e-OG20140128_1398-4.zip
360,https://bulkdata.uspto.gov/data/patent/officialgazette/2014/e-OG20140204_1399-1.zip
361,https://bulkdata.uspto.gov/data/patent/officialgazette/2014/e-OG20140211_1399-2.zip
362,https://bulkdata.uspto.gov/data/patent/officialgazette/2014/e-OG20140218_1399-3.zip
363,https://bulkdata.uspto.gov/data/patent/officialgazette/2014/e-OG20140225_1399-4.zip
364,https://bulkdata.uspto.gov/data/patent/officialgazette/2014/e-OG20140304_1400-1.zip
365,https://bulkdata.uspto.gov/data/patent/officialgazette/2014/e-OG20140311_1400-2.zip
366,https://bulkdata.uspto.gov/data/patent/officialgazette/2014/e-OG20140318_1400-3.zip
367,https://bulkdata.uspto.gov/data/patent/officialgazette/2014/e-OG20140325_1400-4.zip
368,https://bulkdata.uspto.gov/data/patent/officialgazette/2014/e-OG20140401_1401-1.zip
369,https://bulkdata.uspto.gov/data/patent/officialgazette/2014/e-OG20140408_1401-2.zip
370,https://bulkdata.uspto.gov/data/patent/officialgazette/2014/e-OG20140415_1401-3.zip
371,https://bulkdata.uspto.gov/data/patent/officialgazette/2014/e-OG20140422_1401-4.zip
372,https://bulkdata.uspto.gov/data/patent/officialgazette/2014/e-OG20140429_1401-5.zip
373,https://bulkdata.uspto.gov/data/patent/officialgazette/2014/e-OG20140506_1402-1.zip
374,https://bulkdata.uspto.gov/data/patent/officialgazette/2014/e-OG20140513_1402-2.zip
375,https://bulkdata.uspto.gov/data/patent/officialgazette/2014/e-OG20140520_1402-3.zip
376,https://bulkdata.uspto.gov/data/patent/officialgazette/2014/e-OG20140527_1402-4.zip
377,https://bulkdata.uspto.gov/data/patent/officialgazette/2014/e-OG20140603_1403-1.zip
378,https://bulkdata.uspto.gov/data/patent/officialgazette/2014/e-OG20140610_1403-2.zip
379,https://bulkdata.uspto.gov/data/patent/officialgazette/2014/e-OG20140617_1403-3.zip
380,https://bulkdata.uspto.gov/data/patent/officialgazette/2014/e-OG20140624_1403-4.zip
381,https://bulkdata.uspto.gov/data/patent/officialgazette/2014/e-OG20140701_1404-1.zip
382,https://bulkdata.uspto.gov/data/patent/officialgazette/2014/e-OG20140708_1404-2.zip
383,https://bulkdata.uspto.gov/data/patent/officialgazette/2014/e-OG20140715_1404-3.zip
384,https://bulkdata.uspto.gov/data/patent/officialgazette/2014/e-OG20140722_1404-4.zip
385,https://bulkdata.uspto.gov/data/patent/officialgazette/2014/e-OG20140729_1404-5.zip
386,https://bulkdata.uspto.gov/data/patent/officialgazette/2014/e-OG20140805_1405-1.zip
387,https://bulkdata.uspto.gov/data/patent/officialgazette/2014/e-OG20140812_1405-2.zip
388,https://bulkdata.uspto.gov/data/patent/officialgazette/2014/e-OG20140819_1405-3.zip
389,https://bulkdata.uspto.gov/data/patent/officialgazette/2014/e-OG20140826_1405-4.zip
390,https://bulkdata.uspto.gov/data/patent/officialgazette/2014/e-OG20140902_1406-1.zip
391,https://bulkdata.uspto.gov/data/patent/officialgazette/2014/e-OG20140909_1406-2.zip
392,https://bulkdata.uspto.gov/data/patent/officialgazette/2014/e-OG20140916_1406-3.zip
393,https://bulkdata.uspto.gov/data/patent/officialgazette/2014/e-OG20140923_1406-4.zip
394,https://bulkdata.uspto.gov/data/patent/officialgazette/2014/e-OG20140930_1406-5.zip
395,https://bulkdata.uspto.gov/data/patent/officialgazette/2014/e-OG20141007_1407-1.zip
396,https://bulkdata.uspto.gov/data/patent/officialgazette/2014/e-OG20141014_1407-2.zip
397,https://bulkdata.uspto.gov/data/patent/officialgazette/2014/e-OG20141021_1407-3.zip
398,https://bulkdata.uspto.gov/data/patent/officialgazette/2014/e-OG20141028_1407-4.zip
399,https://bulkdata.uspto.gov/data/patent/officialgazette/2014/e-OG20141104_1408-1.zip
400,https://bulkdata.uspto.gov/data/patent/officialgazette/2014/e-OG20141111_1408-2.zip
401,https://bulkdata.uspto.gov/data/patent/officialgazette/2014/e-OG20141118_1408-3.zip
402,https://bulkdata.uspto.gov/data/patent/officialgazette/2014/e-OG20141125_1408-4.zip
403,https://bulkdata.uspto.gov/data/patent/officialgazette/2014/e-OG20141202_1409-1.zip
404,https://bulkdata.uspto.gov/data/patent/officialgazette/2014/e-OG20141209_1409-2.zip
405,https://bulkdata.uspto.gov/data/patent/officialgazette/2014/e-OG20141216_1409-3.zip
406,https://bulkdata.uspto.gov/data/patent/officialgazette/2014/e-OG20141223_1409-4.zip
407,https://bulkdata.uspto.gov/data/patent/officialgazette/2014/e-OG20141230_1409-5.zip
408,https://bulkdata.uspto.gov/data/patent/officialgazette/2013/e-OG20130101_1386-1.zip
409,https://bulkdata.uspto.gov/data/patent/officialgazette/2013/e-OG20130108_1386-2.zip
410,https://bulkdata.uspto.gov/data/patent/officialgazette/2013/e-OG20130115_1386-3.zip
411,https://bulkdata.uspto.gov/data/patent/officialgazette/2013/e-OG20130122_1386-4.zip
412,https://bulkdata.uspto.gov/data/patent/officialgazette/2013/e-OG20130129_1386-5.zip
413,https://bulkdata.uspto.gov/data/patent/officialgazette/2013/e-OG20130205_1387-1.zip
414,https://bulkdata.uspto.gov/data/patent/officialgazette/2013/e-OG20130212_1387-2.zip
415,https://bulkdata.uspto.gov/data/patent/officialgazette/2013/e-OG20130219_1387-3.zip
416,https://bulkdata.uspto.gov/data/patent/officialgazette/2013/e-OG20130226_1387-4.zip
417,https://bulkdata.uspto.gov/data/patent/officialgazette/2013/e-OG20130305_1388-1.zip
418,https://bulkdata.uspto.gov/data/patent/officialgazette/2013/e-OG20130312_1388-2.zip
419,https://bulkdata.uspto.gov/data/patent/officialgazette/2013/e-OG20130319_1388-3.zip
420,https://bulkdata.uspto.gov/data/patent/officialgazette/2013/e-OG20130326_1388-4.zip
421,https://bulkdata.uspto.gov/data/patent/officialgazette/2013/e-OG20130402_1389-1.zip
422,https://bulkdata.uspto.gov/data/patent/officialgazette/2013/e-OG20130409_1389-2.zip
423,https://bulkdata.uspto.gov/data/patent/officialgazette/2013/e-OG20130416_1389-3.zip
424,https://bulkdata.uspto.gov/data/patent/officialgazette/2013/e-OG20130423_1389-4.zip
425,https://bulkdata.uspto.gov/data/patent/officialgazette/2013/e-OG20130430_1389-5.zip
426,https://bulkdata.uspto.gov/data/patent/officialgazette/2013/e-OG20130507_1390-1.zip
427,https://bulkdata.uspto.gov/data/patent/officialgazette/2013/e-OG20130514_1390-2.zip
428,https://bulkdata.uspto.gov/data/patent/officialgazette/2013/e-OG20130521_1390-3.zip
429,https://bulkdata.uspto.gov/data/patent/officialgazette/2013/e-OG20130528_1390-4.zip
430,https://bulkdata.uspto.gov/data/patent/officialgazette/2013/e-OG20130604_1391-1.zip
431,https://bulkdata.uspto.gov/data/patent/officialgazette/2013/e-OG20130611_1391-2.zip
432,https://bulkdata.uspto.gov/data/patent/officialgazette/2013/e-OG20130618_1391-3.zip
433,https://bulkdata.uspto.gov/data/patent/officialgazette/2013/e-OG20130625_1391-4.zip
434,https://bulkdata.uspto.gov/data/patent/officialgazette/2013/e-OG20130702_1392-1.zip
435,https://bulkdata.uspto.gov/data/patent/officialgazette/2013/e-OG20130709_1392-2.zip
436,https://bulkdata.uspto.gov/data/patent/officialgazette/2013/e-OG20130716_1392-3.zip
437,https://bulkdata.uspto.gov/data/patent/officialgazette/2013/e-OG20130723_1392-4.zip
438,https://bulkdata.uspto.gov/data/patent/officialgazette/2013/e-OG20130730_1392-5.zip
439,https://bulkdata.uspto.gov/data/patent/officialgazette/2013/e-OG20130806_1393-1.zip
440,https://bulkdata.uspto.gov/data/patent/officialgazette/2013/e-OG20130813_1393-2.zip
441,https://bulkdata.uspto.gov/data/patent/officialgazette/2013/e-OG20130820_1393-3.zip
442,https://bulkdata.uspto.gov/data/patent/officialgazette/2013/e-OG20130827_1393-4.zip
443,https://bulkdata.uspto.gov/data/patent/officialgazette/2013/e-OG20130903_1394-1.zip
444,https://bulkdata.uspto.gov/data/patent/officialgazette/2013/e-OG20130910_1394-2.zip
445,https://bulkdata.uspto.gov/data/patent/officialgazette/2013/e-OG20130917_1394-3.zip
446,https://bulkdata.uspto.gov/data/patent/officialgazette/2013/e-OG20130924_1394-4.zip
447,https://bulkdata.uspto.gov/data/patent/officialgazette/2013/e-OG20131001_1395-1.zip
448,https://bulkdata.uspto.gov/data/patent/officialgazette/2013/e-OG20131008_1395-2.zip
449,https://bulkdata.uspto.gov/data/patent/officialgazette/2013/e-OG20131015_1395-3.zip
450,https://bulkdata.uspto.gov/data/patent/officialgazette/2013/e-OG20131022_1395-4.zip
451,https://bulkdata.uspto.gov/data/patent/officialgazette/2013/e-OG20131029_1395-5.zip
452,https://bulkdata.uspto.gov/data/patent/officialgazette/2013/e-OG20131105_1396-1.zip
453,https://bulkdata.uspto.gov/data/patent/officialgazette/2013/e-OG20131112_1396-2.zip
454,https://bulkdata.uspto.gov/data/patent/officialgazette/2013/e-OG20131119_1396-3.zip
455,https://bulkdata.uspto.gov/data/patent/officialgazette/2013/e-OG20131126_1396-4.zip
456,https://bulkdata.uspto.gov/data/patent/officialgazette/2013/e-OG20131203_1397-1.zip
457,https://bulkdata.uspto.gov/data/patent/officialgazette/2013/e-OG20131210_1397-2.zip
458,https://bulkdata.uspto.gov/data/patent/officialgazette/2013/e-OG20131217_1397-3.zip
459,https://bulkdata.uspto.gov/data/patent/officialgazette/2013/e-OG20131224_1397-4.zip
460,https://bulkdata.uspto.gov/data/patent/officialgazette/2013/e-OG20131231_1397-5.zip
461,https://bulkdata.uspto.gov/data/patent/officialgazette/2012/e-OG20120103_1374-1.zip
462,https://bulkdata.uspto.gov/data/patent/officialgazette/2012/e-OG20120110_1374-2.zip
463,https://bulkdata.uspto.gov/data/patent/officialgazette/2012/e-OG20120117_1374-3.zip
464,https://bulkdata.uspto.gov/data/patent/officialgazette/2012/e-OG20120124_1374-4.zip
465,https://bulkdata.uspto.gov/data/patent/officialgazette/2012/e-OG20120131_1374-5.zip
466,https://bulkdata.uspto.gov/data/patent/officialgazette/2012/e-OG20120207_1375-1.zip
467,https://bulkdata.uspto.gov/data/patent/officialgazette/2012/e-OG20120214_1375-2.zip
468,https://bulkdata.uspto.gov/data/patent/officialgazette/2012/e-OG20120221_1375-3.zip
469,https://bulkdata.uspto.gov/data/patent/officialgazette/2012/e-OG20120228_1375-4.zip
470,https://bulkdata.uspto.gov/data/patent/officialgazette/2012/e-OG20120306_1376-1.zip
471,https://bulkdata.uspto.gov/data/patent/officialgazette/2012/e-OG20120313_1376-2.zip
472,https://bulkdata.uspto.gov/data/patent/officialgazette/2012/e-OG20120320_1376-3.zip
473,https://bulkdata.uspto.gov/data/patent/officialgazette/2012/e-OG20120327_1376-4.zip
474,https://bulkdata.uspto.gov/data/patent/officialgazette/2012/e-OG20120403_1377-1.zip
475,https://bulkdata.uspto.gov/data/patent/officialgazette/2012/e-OG20120410_1377-2.zip
476,https://bulkdata.uspto.gov/data/patent/officialgazette/2012/e-OG20120417_1377-3.zip
477,https://bulkdata.uspto.gov/data/patent/officialgazette/2012/e-OG20120424_1377-4.zip
478,https://bulkdata.uspto.gov/data/patent/officialgazette/2012/e-OG20120501_1378-1.zip
479,https://bulkdata.uspto.gov/data/patent/officialgazette/2012/e-OG20120508_1378-2.zip
480,https://bulkdata.uspto.gov/data/patent/officialgazette/2012/e-OG20120515_1378-3.zip
481,https://bulkdata.uspto.gov/data/patent/officialgazette/2012/e-OG20120522_1378-4.zip
482,https://bulkdata.uspto.gov/data/patent/officialgazette/2012/e-OG20120529_1378-5.zip
483,https://bulkdata.uspto.gov/data/patent/officialgazette/2012/e-OG20120605_1379-1.zip
484,https://bulkdata.uspto.gov/data/patent/officialgazette/2012/e-OG20120612_1379-2.zip
485,https://bulkdata.uspto.gov/data/patent/officialgazette/2012/e-OG20120619_1379-3.zip
486,https://bulkdata.uspto.gov/data/patent/officialgazette/2012/e-OG20120626_1379-4.zip
487,https://bulkdata.uspto.gov/data/patent/officialgazette/2012/e-OG20120703_1380-1.zip
488,https://bulkdata.uspto.gov/data/patent/officialgazette/2012/e-OG20120710_1380-2.zip
489,https://bulkdata.uspto.gov/data/patent/officialgazette/2012/e-OG20120717_1380-3.zip
490,https://bulkdata.uspto.gov/data/patent/officialgazette/2012/e-OG20120724_1380-4.zip
491,https://bulkdata.uspto.gov/data/patent/officialgazette/2012/e-OG20120731_1380-5.zip
492,https://bulkdata.uspto.gov/data/patent/officialgazette/2012/e-OG20120807_1381-1.zip
493,https://bulkdata.uspto.gov/data/patent/officialgazette/2012/e-OG20120814_1381-2.zip
494,https://bulkdata.uspto.gov/data/patent/officialgazette/2012/e-OG20120821_1381-3.zip
495,https://bulkdata.uspto.gov/data/patent/officialgazette/2012/e-OG20120828_1381-4.zip
496,https://bulkdata.uspto.gov/data/patent/officialgazette/2012/e-OG20120904_1382-1.zip
497,https://bulkdata.uspto.gov/data/patent/officialgazette/2012/e-OG20120911_1382-2.zip
498,https://bulkdata.uspto.gov/data/patent/officialgazette/2012/e-OG20120918_1382-3.zip
499,https://bulkdata.uspto.gov/data/patent/officialgazette/2012/e-OG20120925_1382-4.zip
500,https://bulkdata.uspto.gov/data/patent/officialgazette/2012/e-OG20121002_1383-1.zip
501,https://bulkdata.uspto.gov/data/patent/officialgazette/2012/e-OG20121009_1383-2.zip
502,https://bulkdata.uspto.gov/data/patent/officialgazette/2012/e-OG20121016_1383-3.zip
503,https://bulkdata.uspto.gov/data/patent/officialgazette/2012/e-OG20121023_1383-4.zip
504,https://bulkdata.uspto.gov/data/patent/officialgazette/2012/e-OG20121030_1383-5.zip
505,https://bulkdata.uspto.gov/data/patent/officialgazette/2012/e-OG20121106_1384-1.zip
506,https://bulkdata.uspto.gov/data/patent/officialgazette/2012/e-OG20121113_1384-2.zip
507,https://bulkdata.uspto.gov/data/patent/officialgazette/2012/e-OG20121120_1384-3.zip
508,https://bulkdata.uspto.gov/data/patent/officialgazette/2012/e-OG20121127_1384-4.zip
509,https://bulkdata.uspto.gov/data/patent/officialgazette/2012/e-OG20121204_1385-1.zip
510,https://bulkdata.uspto.gov/data/patent/officialgazette/2012/e-OG20121211_1385-2.zip
511,https://bulkdata.uspto.gov/data/patent/officialgazette/2012/e-OG20121218_1385-3.zip
512,https://bulkdata.uspto.gov/data/patent/officialgazette/2012/e-OG20121225_1385-4.zip
513,https://bulkdata.uspto.gov/data/patent/officialgazette/2011/e-OG20110104_1362-1.zip
514,https://bulkdata.uspto.gov/data/patent/officialgazette/2011/e-OG20110111_1362-2.zip
515,https://bulkdata.uspto.gov/data/patent/officialgazette/2011/e-OG20110118_1362-3.zip
516,https://bulkdata.uspto.gov/data/patent/officialgazette/2011/e-OG20110125_1362-4.zip
517,https://bulkdata.uspto.gov/data/patent/officialgazette/2011/e-OG20110201_1363-1.zip
518,https://bulkdata.uspto.gov/data/patent/officialgazette/2011/e-OG20110208_1363-2.zip
519,https://bulkdata.uspto.gov/data/patent/officialgazette/2011/e-OG20110215_1363-3.zip
520,https://bulkdata.uspto.gov/data/patent/officialgazette/2011/e-OG20110222_1363-4.zip
521,https://bulkdata.uspto.gov/data/patent/officialgazette/2011/e-OG20110301_1364-1.zip
522,https://bulkdata.uspto.gov/data/patent/officialgazette/2011/e-OG20110308_1364-2.zip
523,https://bulkdata.uspto.gov/data/patent/officialgazette/2011/e-OG20110315_1364-3.zip
524,https://bulkdata.uspto.gov/data/patent/officialgazette/2011/e-OG20110322_1364-4.zip
525,https://bulkdata.uspto.gov/data/patent/officialgazette/2011/e-OG20110329_1364-5.zip
526,https://bulkdata.uspto.gov/data/patent/officialgazette/2011/e-OG20110405_1365-1.zip
527,https://bulkdata.uspto.gov/data/patent/officialgazette/2011/e-OG20110412_1365-2.zip
528,https://bulkdata.uspto.gov/data/patent/officialgazette/2011/e-OG20110419_1365-3.zip
529,https://bulkdata.uspto.gov/data/patent/officialgazette/2011/e-OG20110426_1365-4.zip
530,https://bulkdata.uspto.gov/data/patent/officialgazette/2011/e-OG20110503_1366-1.zip
531,https://bulkdata.uspto.gov/data/patent/officialgazette/2011/e-OG20110510_1366-2.zip
532,https://bulkdata.uspto.gov/data/patent/officialgazette/2011/e-OG20110517_1366-3.zip
533,https://bulkdata.uspto.gov/data/patent/officialgazette/2011/e-OG20110524_1366-4.zip
534,https://bulkdata.uspto.gov/data/patent/officialgazette/2011/e-OG20110531_1366-5.zip
535,https://bulkdata.uspto.gov/data/patent/officialgazette/2011/e-OG20110607_1367-1.zip
536,https://bulkdata.uspto.gov/data/patent/officialgazette/2011/e-OG20110614_1367-2.zip
537,https://bulkdata.uspto.gov/data/patent/officialgazette/2011/e-OG20110621_1367-3.zip
538,https://bulkdata.uspto.gov/data/patent/officialgazette/2011/e-OG20110628_1367-4.zip
539,https://bulkdata.uspto.gov/data/patent/officialgazette/2011/e-OG20110705_1368-1.zip
540,https://bulkdata.uspto.gov/data/patent/officialgazette/2011/e-OG20110712_1368-2.zip
541,https://bulkdata.uspto.gov/data/patent/officialgazette/2011/e-OG20110719_1368-3.zip
542,https://bulkdata.uspto.gov/data/patent/officialgazette/2011/e-OG20110726_1368-4.zip
543,https://bulkdata.uspto.gov/data/patent/officialgazette/2011/e-OG20110802_1369-1.zip
544,https://bulkdata.uspto.gov/data/patent/officialgazette/2011/e-OG20110809_1369-2.zip
545,https://bulkdata.uspto.gov/data/patent/officialgazette/2011/e-OG20110816_1369-3.zip
546,https://bulkdata.uspto.gov/data/patent/officialgazette/2011/e-OG20110823_1369-4.zip
547,https://bulkdata.uspto.gov/data/patent/officialgazette/2011/e-OG20110830_1369-5.zip
548,https://bulkdata.uspto.gov/data/patent/officialgazette/2011/e-OG20110906_1370-1.zip
549,https://bulkdata.uspto.gov/data/patent/officialgazette/2011/e-OG20110913_1370-2.zip
550,https://bulkdata.uspto.gov/data/patent/officialgazette/2011/e-OG20110920_1370-3.zip
551,https://bulkdata.uspto.gov/data/patent/officialgazette/2011/e-OG20110927_1370-4.zip
552,https://bulkdata.uspto.gov/data/patent/officialgazette/2011/e-OG20111004_1371-1.zip
553,https://bulkdata.uspto.gov/data/patent/officialgazette/2011/e-OG20111011_1371-2.zip
554,https://bulkdata.uspto.gov/data/patent/officialgazette/2011/e-OG20111018_1371-3.zip
555,https://bulkdata.uspto.gov/data/patent/officialgazette/2011/e-OG20111025_1371-4.zip
556,https://bulkdata.uspto.gov/data/patent/officialgazette/2011/e-OG20111101_1372-1.zip
557,https://bulkdata.uspto.gov/data/patent/officialgazette/2011/e-OG20111108_1372-2.zip
558,https://bulkdata.uspto.gov/data/patent/officialgazette/2011/e-OG20111115_1372-3.zip
559,https://bulkdata.uspto.gov/data/patent/officialgazette/2011/e-OG20111122_1372-4.zip
560,https://bulkdata.uspto.gov/data/patent/officialgazette/2011/e-OG20111129_1372-5.zip
561,https://bulkdata.uspto.gov/data/patent/officialgazette/2011/e-OG20111206_1373-1.zip
562,https://bulkdata.uspto.gov/data/patent/officialgazette/2011/e-OG20111213_1373-2.zip
563,https://bulkdata.uspto.gov/data/patent/officialgazette/2011/e-OG20111220_1373-3.zip
564,https://bulkdata.uspto.gov/data/patent/officialgazette/2011/e-OG20111227_1373-4.zip
565,https://bulkdata.uspto.gov/data/patent/officialgazette/2010/e-OG20100105_1350-1.zip
566,https://bulkdata.uspto.gov/data/patent/officialgazette/2010/e-OG20100112_1350-2.zip
567,https://bulkdata.uspto.gov/data/patent/officialgazette/2010/e-OG20100119_1350-3.zip
568,https://bulkdata.uspto.gov/data/patent/officialgazette/2010/e-OG20100126_1350-4.zip
569,https://bulkdata.uspto.gov/data/patent/officialgazette/2010/e-OG20100202_1351-1.zip
570,https://bulkdata.uspto.gov/data/patent/officialgazette/2010/e-OG20100209_1351-2.zip
571,https://bulkdata.uspto.gov/data/patent/officialgazette/2010/e-OG20100216_1351-3.zip
572,https://bulkdata.uspto.gov/data/patent/officialgazette/2010/e-OG20100223_1351-4.zip
573,https://bulkdata.uspto.gov/data/patent/officialgazette/2010/e-OG20100302_1352-1.zip
574,https://bulkdata.uspto.gov/data/patent/officialgazette/2010/e-OG20100309_1352-2.zip
575,https://bulkdata.uspto.gov/data/patent/officialgazette/2010/e-OG20100316_1352-3.zip
576,https://bulkdata.uspto.gov/data/patent/officialgazette/2010/e-OG20100323_1352-4.zip
577,https://bulkdata.uspto.gov/data/patent/officialgazette/2010/e-OG20100330_1352-5.zip
578,https://bulkdata.uspto.gov/data/patent/officialgazette/2010/e-OG20100406_1353-1.zip
579,https://bulkdata.uspto.gov/data/patent/officialgazette/2010/e-OG20100413_1353-2.zip
580,https://bulkdata.uspto.gov/data/patent/officialgazette/2010/e-OG20100420_1353-3.zip
581,https://bulkdata.uspto.gov/data/patent/officialgazette/2010/e-OG20100427_1353-4.zip
582,https://bulkdata.uspto.gov/data/patent/officialgazette/2010/e-OG20100504_1354-1.zip
583,https://bulkdata.uspto.gov/data/patent/officialgazette/2010/e-OG20100511_1354-2.zip
584,https://bulkdata.uspto.gov/data/patent/officialgazette/2010/e-OG20100518_1354-3.zip
585,https://bulkdata.uspto.gov/data/patent/officialgazette/2010/e-OG20100525_1354-4.zip
586,https://bulkdata.uspto.gov/data/patent/officialgazette/2010/e-OG20100601_1355-1.zip
587,https://bulkdata.uspto.gov/data/patent/officialgazette/2010/e-OG20100608_1355-2.zip
588,https://bulkdata.uspto.gov/data/patent/officialgazette/2010/e-OG20100615_1355-3.zip
589,https://bulkdata.uspto.gov/data/patent/officialgazette/2010/e-OG20100622_1355-4.zip
590,https://bulkdata.uspto.gov/data/patent/officialgazette/2010/e-OG20100629_1355-5.zip
591,https://bulkdata.uspto.gov/data/patent/officialgazette/2010/e-OG20100706_1356-1.zip
592,https://bulkdata.uspto.gov/data/patent/officialgazette/2010/e-OG20100713_1356-2.zip
593,https://bulkdata.uspto.gov/data/patent/officialgazette/2010/e-OG20100720_1356-3.zip
594,https://bulkdata.uspto.gov/data/patent/officialgazette/2010/e-OG20100727_1356-4.zip
595,https://bulkdata.uspto.gov/data/patent/officialgazette/2010/e-OG20100803_1357-1.zip
596,https://bulkdata.uspto.gov/data/patent/officialgazette/2010/e-OG20100810_1357-2.zip
597,https://bulkdata.uspto.gov/data/patent/officialgazette/2010/e-OG20100817_1357-3.zip
598,https://bulkdata.uspto.gov/data/patent/officialgazette/2010/e-OG20100824_1357-4.zip
599,https://bulkdata.uspto.gov/data/patent/officialgazette/2010/e-OG20100831_1357-5.zip
600,https://bulkdata.uspto.gov/data/patent/officialgazette/2010/e-OG20100907_1358-1.zip
601,https://bulkdata.uspto.gov/data/patent/officialgazette/2010/e-OG20100914_1358-2.zip
602,https://bulkdata.uspto.gov/data/patent/officialgazette/2010/e-OG20100921_1358-3.zip
603,https://bulkdata.uspto.gov/data/patent/officialgazette/2010/e-OG20100928_1358-4.zip
604,https://bulkdata.uspto.gov/data/patent/officialgazette/2010/e-OG20101005_1359-1.zip
605,https://bulkdata.uspto.gov/data/patent/officialgazette/2010/e-OG20101012_1359-2.zip
606,https://bulkdata.uspto.gov/data/patent/officialgazette/2010/e-OG20101019_1359-3.zip
607,https://bulkdata.uspto.gov/data/patent/officialgazette/2010/e-OG20101026_1359-4.zip
608,https://bulkdata.uspto.gov/data/patent/officialgazette/2010/e-OG20101102_1360-1.zip
609,https://bulkdata.uspto.gov/data/patent/officialgazette/2010/e-OG20101109_1360-2.zip
610,https://bulkdata.uspto.gov/data/patent/officialgazette/2010/e-OG20101116_1360-3.zip
611,https://bulkdata.uspto.gov/data/patent/officialgazette/2010/e-OG20101123_1360-4.zip
612,https://bulkdata.uspto.gov/data/patent/officialgazette/2010/e-OG20101130_1360-5.zip
613,https://bulkdata.uspto.gov/data/patent/officialgazette/2010/e-OG20101207_1361-1.zip
614,https://bulkdata.uspto.gov/data/patent/officialgazette/2010/e-OG20101214_1361-2.zip
615,https://bulkdata.uspto.gov/data/patent/officialgazette/2010/e-OG20101221_1361-3.zip
616,https://bulkdata.uspto.gov/data/patent/officialgazette/2010/e-OG20101228_1361-4.zip
617,https://bulkdata.uspto.gov/data/patent/officialgazette/2009/e-OG20090106_1338-1.zip
618,https://bulkdata.uspto.gov/data/patent/officialgazette/2009/e-OG20090113_1338-2.zip
619,https://bulkdata.uspto.gov/data/patent/officialgazette/2009/e-OG20090120_1338-3.zip
620,https://bulkdata.uspto.gov/data/patent/officialgazette/2009/e-OG20090127_1338-4.zip
621,https://bulkdata.uspto.gov/data/patent/officialgazette/2009/e-OG20090203_1339-1.zip
622,https://bulkdata.uspto.gov/data/patent/officialgazette/2009/e-OG20090210_1339-2.zip
623,https://bulkdata.uspto.gov/data/patent/officialgazette/2009/e-OG20090217_1339-3.zip
624,https://bulkdata.uspto.gov/data/patent/officialgazette/2009/e-OG20090224_1339-4.zip
625,https://bulkdata.uspto.gov/data/patent/officialgazette/2009/e-OG20090303_1340-1.zip
626,https://bulkdata.uspto.gov/data/patent/officialgazette/2009/e-OG20090310_1340-2.zip
627,https://bulkdata.uspto.gov/data/patent/officialgazette/2009/e-OG20090317_1340-3.zip
628,https://bulkdata.uspto.gov/data/patent/officialgazette/2009/e-OG20090324_1340-4.zip
629,https://bulkdata.uspto.gov/data/patent/officialgazette/2009/e-OG20090331_1340-5.zip
630,https://bulkdata.uspto.gov/data/patent/officialgazette/2009/e-OG20090407_1341-1.zip
631,https://bulkdata.uspto.gov/data/patent/officialgazette/2009/e-OG20090414_1341-2.zip
632,https://bulkdata.uspto.gov/data/patent/officialgazette/2009/e-OG20090421_1341-3.zip
633,https://bulkdata.uspto.gov/data/patent/officialgazette/2009/e-OG20090428_1341-4.zip
634,https://bulkdata.uspto.gov/data/patent/officialgazette/2009/e-OG20090505_1342-1.zip
635,https://bulkdata.uspto.gov/data/patent/officialgazette/2009/e-OG20090512_1342-2.zip
636,https://bulkdata.uspto.gov/data/patent/officialgazette/2009/e-OG20090519_1342-3.zip
637,https://bulkdata.uspto.gov/data/patent/officialgazette/2009/e-OG20090526_1342-4.zip
638,https://bulkdata.uspto.gov/data/patent/officialgazette/2009/e-OG20090602_1343-1.zip
639,https://bulkdata.uspto.gov/data/patent/officialgazette/2009/e-OG20090609_1343-2.zip
640,https://bulkdata.uspto.gov/data/patent/officialgazette/2009/e-OG20090616_1343-3.zip
641,https://bulkdata.uspto.gov/data/patent/officialgazette/2009/e-OG20090623_1343-4.zip
642,https://bulkdata.uspto.gov/data/patent/officialgazette/2009/e-OG20090630_1343-5.zip
643,https://bulkdata.uspto.gov/data/patent/officialgazette/2009/e-OG20090707_1344-1.zip
644,https://bulkdata.uspto.gov/data/patent/officialgazette/2009/e-OG20090714_1344-2.zip
645,https://bulkdata.uspto.gov/data/patent/officialgazette/2009/e-OG20090721_1344-3.zip
646,https://bulkdata.uspto.gov/data/patent/officialgazette/2009/e-OG20090728_1344-4.zip
647,https://bulkdata.uspto.gov/data/patent/officialgazette/2009/e-OG20090804_1345-1.zip
648,https://bulkdata.uspto.gov/data/patent/officialgazette/2009/e-OG20090811_1345-2.zip
649,https://bulkdata.uspto.gov/data/patent/officialgazette/2009/e-OG20090818_1345-3.zip
650,https://bulkdata.uspto.gov/data/patent/officialgazette/2009/e-OG20090825_1345-4.zip
651,https://bulkdata.uspto.gov/data/patent/officialgazette/2009/e-OG20090901_1346-1.zip
652,https://bulkdata.uspto.gov/data/patent/officialgazette/2009/e-OG20090908_1346-2.zip
653,https://bulkdata.uspto.gov/data/patent/officialgazette/2009/e-OG20090915_1346-3.zip
654,https://bulkdata.uspto.gov/data/patent/officialgazette/2009/e-OG20090922_1346-4.zip
655,https://bulkdata.uspto.gov/data/patent/officialgazette/2009/e-OG20090929_1346-5.zip
656,https://bulkdata.uspto.gov/data/patent/officialgazette/2009/e-OG20091006_1347-1.zip
657,https://bulkdata.uspto.gov/data/patent/officialgazette/2009/e-OG20091013_1347-2.zip
658,https://bulkdata.uspto.gov/data/patent/officialgazette/2009/e-OG20091020_1347-3.zip
659,https://bulkdata.uspto.gov/data/patent/officialgazette/2009/e-OG20091027_1347-4.zip
660,https://bulkdata.uspto.gov/data/patent/officialgazette/2009/e-OG20091103_1348-1.zip
661,https://bulkdata.uspto.gov/data/patent/officialgazette/2009/e-OG20091110_1348-2.zip
662,https://bulkdata.uspto.gov/data/patent/officialgazette/2009/e-OG20091117_1348-3.zip
663,https://bulkdata.uspto.gov/data/patent/officialgazette/2009/e-OG20091124_1348-4.zip
664,https://bulkdata.uspto.gov/data/patent/officialgazette/2009/e-OG20091201_1349-1.zip
665,https://bulkdata.uspto.gov/data/patent/officialgazette/2009/e-OG20091208_1349-2.zip
666,https://bulkdata.uspto.gov/data/patent/officialgazette/2009/e-OG20091215_1349-3.zip
667,https://bulkdata.uspto.gov/data/patent/officialgazette/2009/e-OG20091222_1349-4.zip
668,https://bulkdata.uspto.gov/data/patent/officialgazette/2009/e-OG20091229_1349-5.zip
669,https://bulkdata.uspto.gov/data/patent/officialgazette/2008/e-OG20080101_1326-1.zip
670,https://bulkdata.uspto.gov/data/patent/officialgazette/2008/e-OG20080108_1326-2.zip
671,https://bulkdata.uspto.gov/data/patent/officialgazette/2008/e-OG20080115_1326-3.zip
672,https://bulkdata.uspto.gov/data/patent/officialgazette/2008/e-OG20080122_1326-4.zip
673,https://bulkdata.uspto.gov/data/patent/officialgazette/2008/e-OG20080129_1326-5.zip
674,https://bulkdata.uspto.gov/data/patent/officialgazette/2008/e-OG20080205_1327-1.zip
675,https://bulkdata.uspto.gov/data/patent/officialgazette/2008/e-OG20080212_1327-2.zip
676,https://bulkdata.uspto.gov/data/patent/officialgazette/2008/e-OG20080219_1327-3.zip
677,https://bulkdata.uspto.gov/data/patent/officialgazette/2008/e-OG20080226_1327-4.zip
678,https://bulkdata.uspto.gov/data/patent/officialgazette/2008/e-OG20080304_1328-1.zip
679,https://bulkdata.uspto.gov/data/patent/officialgazette/2008/e-OG20080311_1328-2.zip
680,https://bulkdata.uspto.gov/data/patent/officialgazette/2008/e-OG20080318_1328-3.zip
681,https://bulkdata.uspto.gov/data/patent/officialgazette/2008/e-OG20080325_1328-4.zip
682,https://bulkdata.uspto.gov/data/patent/officialgazette/2008/e-OG20080401_1329-1.zip
683,https://bulkdata.uspto.gov/data/patent/officialgazette/2008/e-OG20080408_1329-2.zip
684,https://bulkdata.uspto.gov/data/patent/officialgazette/2008/e-OG20080415_1329-3.zip
685,https://bulkdata.uspto.gov/data/patent/officialgazette/2008/e-OG20080422_1329-4.zip
686,https://bulkdata.uspto.gov/data/patent/officialgazette/2008/e-OG20080429_1329-5.zip
687,https://bulkdata.uspto.gov/data/patent/officialgazette/2008/e-OG20080506_1330-1.zip
688,https://bulkdata.uspto.gov/data/patent/officialgazette/2008/e-OG20080513_1330-2.zip
689,https://bulkdata.uspto.gov/data/patent/officialgazette/2008/e-OG20080520_1330-3.zip
690,https://bulkdata.uspto.gov/data/patent/officialgazette/2008/e-OG20080527_1330-4.zip
691,https://bulkdata.uspto.gov/data/patent/officialgazette/2008/e-OG20080603_1331-1.zip
692,https://bulkdata.uspto.gov/data/patent/officialgazette/2008/e-OG20080610_1331-2.zip
693,https://bulkdata.uspto.gov/data/patent/officialgazette/2008/e-OG20080617_1331-3.zip
694,https://bulkdata.uspto.gov/data/patent/officialgazette/2008/e-OG20080624_1331-4.zip
695,https://bulkdata.uspto.gov/data/patent/officialgazette/2008/e-OG20080701_1332-1.zip
696,https://bulkdata.uspto.gov/data/patent/officialgazette/2008/e-OG20080708_1332-2.zip
697,https://bulkdata.uspto.gov/data/patent/officialgazette/2008/e-OG20080715_1332-3.zip
698,https://bulkdata.uspto.gov/data/patent/officialgazette/2008/e-OG20080722_1332-4.zip
699,https://bulkdata.uspto.gov/data/patent/officialgazette/2008/e-OG20080729_1332-5.zip
700,https://bulkdata.uspto.gov/data/patent/officialgazette/2008/e-OG20080805_1333-1.zip
701,https://bulkdata.uspto.gov/data/patent/officialgazette/2008/e-OG20080812_1333-2.zip
702,https://bulkdata.uspto.gov/data/patent/officialgazette/2008/e-OG20080819_1333-3.zip
703,https://bulkdata.uspto.gov/data/patent/officialgazette/2008/e-OG20080826_1333-4.zip
704,https://bulkdata.uspto.gov/data/patent/officialgazette/2008/e-OG20080902_1334-1.zip
705,https://bulkdata.uspto.gov/data/patent/officialgazette/2008/e-OG20080909_1334-2.zip
706,https://bulkdata.uspto.gov/data/patent/officialgazette/2008/e-OG20080916_1334-3.zip
707,https://bulkdata.uspto.gov/data/patent/officialgazette/2008/e-OG20080923_1334-4.zip
708,https://bulkdata.uspto.gov/data/patent/officialgazette/2008/e-OG20080930_1334-5.zip
709,https://bulkdata.uspto.gov/data/patent/officialgazette/2008/e-OG20081007_1335-1.zip
710,https://bulkdata.uspto.gov/data/patent/officialgazette/2008/e-OG20081014_1335-2.zip
711,https://bulkdata.uspto.gov/data/patent/officialgazette/2008/e-OG20081021_1335-3.zip
712,https://bulkdata.uspto.gov/data/patent/officialgazette/2008/e-OG20081028_1335-4.zip
713,https://bulkdata.uspto.gov/data/patent/officialgazette/2008/e-OG20081104_1336-1.zip
714,https://bulkdata.uspto.gov/data/patent/officialgazette/2008/e-OG20081111_1336-2.zip
715,https://bulkdata.uspto.gov/data/patent/officialgazette/2008/e-OG20081118_1336-3.zip
716,https://bulkdata.uspto.gov/data/patent/officialgazette/2008/e-OG20081125_1336-4.zip
717,https://bulkdata.uspto.gov/data/patent/officialgazette/2008/e-OG20081202_1337-1.zip
718,https://bulkdata.uspto.gov/data/patent/officialgazette/2008/e-OG20081209_1337-2.zip
719,https://bulkdata.uspto.gov/data/patent/officialgazette/2008/e-OG20081216_1337-3.zip
720,https://bulkdata.uspto.gov/data/patent/officialgazette/2008/e-OG20081223_1337-4.zip
721,https://bulkdata.uspto.gov/data/patent/officialgazette/2008/e-OG20081230_1337-5.zip
722,https://bulkdata.uspto.gov/data/patent/officialgazette/2007/e-OG20070102_1314-1.zip
723,https://bulkdata.uspto.gov/data/patent/officialgazette/2007/e-OG20070109_1314-2.zip
724,https://bulkdata.uspto.gov/data/patent/officialgazette/2007/e-OG20070116_1314-3.zip
725,https://bulkdata.uspto.gov/data/patent/officialgazette/2007/e-OG20070123_1314-4.zip
726,https://bulkdata.uspto.gov/data/patent/officialgazette/2007/e-OG20070130_1314-5.zip
727,https://bulkdata.uspto.gov/data/patent/officialgazette/2007/e-OG20070206_1315-1.zip
728,https://bulkdata.uspto.gov/data/patent/officialgazette/2007/e-OG20070213_1315-2.zip
729,https://bulkdata.uspto.gov/data/patent/officialgazette/2007/e-OG20070220_1315-3.zip
730,https://bulkdata.uspto.gov/data/patent/officialgazette/2007/e-OG20070227_1315-4.zip
731,https://bulkdata.uspto.gov/data/patent/officialgazette/2007/e-OG20070306_1316-1.zip
732,https://bulkdata.uspto.gov/data/patent/officialgazette/2007/e-OG20070313_1316-2.zip
733,https://bulkdata.uspto.gov/data/patent/officialgazette/2007/e-OG20070320_1316-3.zip
734,https://bulkdata.uspto.gov/data/patent/officialgazette/2007/e-OG20070327_1316-4.zip
735,https://bulkdata.uspto.gov/data/patent/officialgazette/2007/e-OG20070403_1317-1.zip
736,https://bulkdata.uspto.gov/data/patent/officialgazette/2007/e-OG20070410_1317-2.zip
737,https://bulkdata.uspto.gov/data/patent/officialgazette/2007/e-OG20070417_1317-3.zip
738,https://bulkdata.uspto.gov/data/patent/officialgazette/2007/e-OG20070424_1317-4.zip
739,https://bulkdata.uspto.gov/data/patent/officialgazette/2007/e-OG20070501_1318-1.zip
740,https://bulkdata.uspto.gov/data/patent/officialgazette/2007/e-OG20070508_1318-2.zip
741,https://bulkdata.uspto.gov/data/patent/officialgazette/2007/e-OG20070515_1318-3.zip
742,https://bulkdata.uspto.gov/data/patent/officialgazette/2007/e-OG20070522_1318-4.zip
743,https://bulkdata.uspto.gov/data/patent/officialgazette/2007/e-OG20070529_1318-5.zip
744,https://bulkdata.uspto.gov/data/patent/officialgazette/2007/e-OG20070605_1319-1.zip
745,https://bulkdata.uspto.gov/data/patent/officialgazette/2007/e-OG20070612_1319-2.zip
746,https://bulkdata.uspto.gov/data/patent/officialgazette/2007/e-OG20070619_1319-3.zip
747,https://bulkdata.uspto.gov/data/patent/officialgazette/2007/e-OG20070626_1319-4.zip
748,https://bulkdata.uspto.gov/data/patent/officialgazette/2007/e-OG20070703_1320-1.zip
749,https://bulkdata.uspto.gov/data/patent/officialgazette/2007/e-OG20070710_1320-2.zip
750,https://bulkdata.uspto.gov/data/patent/officialgazette/2007/e-OG20070717_1320-3.zip
751,https://bulkdata.uspto.gov/data/patent/officialgazette/2007/e-OG20070724_1320-4.zip
752,https://bulkdata.uspto.gov/data/patent/officialgazette/2007/e-OG20070731_1320-5.zip
753,https://bulkdata.uspto.gov/data/patent/officialgazette/2007/e-OG20070807_1321-1.zip
754,https://bulkdata.uspto.gov/data/patent/officialgazette/2007/e-OG20070814_1321-2.zip
755,https://bulkdata.uspto.gov/data/patent/officialgazette/2007/e-OG20070821_1321-3.zip
756,https://bulkdata.uspto.gov/data/patent/officialgazette/2007/e-OG20070828_1321-4.zip
757,https://bulkdata.uspto.gov/data/patent/officialgazette/2007/e-OG20070904_1322-1.zip
758,https://bulkdata.uspto.gov/data/patent/officialgazette/2007/e-OG20070911_1322-2.zip
759,https://bulkdata.uspto.gov/data/patent/officialgazette/2007/e-OG20070918_1322-3.zip
760,https://bulkdata.uspto.gov/data/patent/officialgazette/2007/e-OG20070925_1322-4.zip
761,https://bulkdata.uspto.gov/data/patent/officialgazette/2007/e-OG20071002_1323-1.zip
762,https://bulkdata.uspto.gov/data/patent/officialgazette/2007/e-OG20071009_1323-2.zip
763,https://bulkdata.uspto.gov/data/patent/officialgazette/2007/e-OG20071016_1323-3.zip
764,https://bulkdata.uspto.gov/data/patent/officialgazette/2007/e-OG20071023_1323-4.zip
765,https://bulkdata.uspto.gov/data/patent/officialgazette/2007/e-OG20071030_1323-5.zip
766,https://bulkdata.uspto.gov/data/patent/officialgazette/2007/e-OG20071106_1324-1.zip
767,https://bulkdata.uspto.gov/data/patent/officialgazette/2007/e-OG20071113_1324-2.zip
768,https://bulkdata.uspto.gov/data/patent/officialgazette/2007/e-OG20071120_1324-3.zip
769,https://bulkdata.uspto.gov/data/patent/officialgazette/2007/e-OG20071127_1324-4.zip
770,https://bulkdata.uspto.gov/data/patent/officialgazette/2007/e-OG20071204_1325-1.zip
771,https://bulkdata.uspto.gov/data/patent/officialgazette/2007/e-OG20071211_1325-2.zip
772,https://bulkdata.uspto.gov/data/patent/officialgazette/2007/e-OG20071218_1325-3.zip
773,https://bulkdata.uspto.gov/data/patent/officialgazette/2007/e-OG20071225_1325-4.zip
774,https://bulkdata.uspto.gov/data/patent/officialgazette/2006/e-OG20060103_1302-1.zip
775,https://bulkdata.uspto.gov/data/patent/officialgazette/2006/e-OG20060110_1302-2.zip
776,https://bulkdata.uspto.gov/data/patent/officialgazette/2006/e-OG20060117_1302-3.zip
777,https://bulkdata.uspto.gov/data/patent/officialgazette/2006/e-OG20060124_1302-4.zip
778,https://bulkdata.uspto.gov/data/patent/officialgazette/2006/e-OG20060131_1302-5.zip
779,https://bulkdata.uspto.gov/data/patent/officialgazette/2006/e-OG20060207_1303-1.zip
780,https://bulkdata.uspto.gov/data/patent/officialgazette/2006/e-OG20060214_1303-2.zip
781,https://bulkdata.uspto.gov/data/patent/officialgazette/2006/e-OG20060221_1303-3.zip
782,https://bulkdata.uspto.gov/data/patent/officialgazette/2006/e-OG20060228_1303-4.zip
783,https://bulkdata.uspto.gov/data/patent/officialgazette/2006/e-OG20060307_1304-1.zip
784,https://bulkdata.uspto.gov/data/patent/officialgazette/2006/e-OG20060314_1304-2.zip
785,https://bulkdata.uspto.gov/data/patent/officialgazette/2006/e-OG20060321_1304-3.zip
786,https://bulkdata.uspto.gov/data/patent/officialgazette/2006/e-OG20060328_1304-4.zip
787,https://bulkdata.uspto.gov/data/patent/officialgazette/2006/e-OG20060404_1305-1.zip
788,https://bulkdata.uspto.gov/data/patent/officialgazette/2006/e-OG20060411_1305-2.zip
789,https://bulkdata.uspto.gov/data/patent/officialgazette/2006/e-OG20060418_1305-3.zip
790,https://bulkdata.uspto.gov/data/patent/officialgazette/2006/e-OG20060425_1305-4.zip
791,https://bulkdata.uspto.gov/data/patent/officialgazette/2006/e-OG20060502_1306-1.zip
792,https://bulkdata.uspto.gov/data/patent/officialgazette/2006/e-OG20060509_1306-2.zip
793,https://bulkdata.uspto.gov/data/patent/officialgazette/2006/e-OG20060516_1306-3.zip
794,https://bulkdata.uspto.gov/data/patent/officialgazette/2006/e-OG20060523_1306-4.zip
795,https://bulkdata.uspto.gov/data/patent/officialgazette/2006/e-OG20060530_1306-5.zip
796,https://bulkdata.uspto.gov/data/patent/officialgazette/2006/e-OG20060606_1307-1.zip
797,https://bulkdata.uspto.gov/data/patent/officialgazette/2006/e-OG20060613_1307-2.zip
798,https://bulkdata.uspto.gov/data/patent/officialgazette/2006/e-OG20060620_1307-3.zip
799,https://bulkdata.uspto.gov/data/patent/officialgazette/2006/e-OG20060627_1307-4.zip
800,https://bulkdata.uspto.gov/data/patent/officialgazette/2006/e-OG20060704_1308-1.zip
801,https://bulkdata.uspto.gov/data/patent/officialgazette/2006/e-OG20060711_1308-2.zip
802,https://bulkdata.uspto.gov/data/patent/officialgazette/2006/e-OG20060718_1308-3.zip
803,https://bulkdata.uspto.gov/data/patent/officialgazette/2006/e-OG20060725_1308-4.zip
804,https://bulkdata.uspto.gov/data/patent/officialgazette/2006/e-OG20060801_1309-1.zip
805,https://bulkdata.uspto.gov/data/patent/officialgazette/2006/e-OG20060808_1309-2.zip
806,https://bulkdata.uspto.gov/data/patent/officialgazette/2006/e-OG20060815_1309-3.zip
807,https://bulkdata.uspto.gov/data/patent/officialgazette/2006/e-OG20060822_1309-4.zip
808,https://bulkdata.uspto.gov/data/patent/officialgazette/2006/e-OG20060829_1309-5.zip
809,https://bulkdata.uspto.gov/data/patent/officialgazette/2006/e-OG20060905_1310-1.zip
810,https://bulkdata.uspto.gov/data/patent/officialgazette/2006/e-OG20060912_1310-2.zip
811,https://bulkdata.uspto.gov/data/patent/officialgazette/2006/e-OG20060919_1310-3.zip
812,https://bulkdata.uspto.gov/data/patent/officialgazette/2006/e-OG20060926_1310-4.zip
813,https://bulkdata.uspto.gov/data/patent/officialgazette/2006/e-OG20061003_1311-1.zip
814,https://bulkdata.uspto.gov/data/patent/officialgazette/2006/e-OG20061010_1311-2.zip
815,https://bulkdata.uspto.gov/data/patent/officialgazette/2006/e-OG20061017_1311-3.zip
816,https://bulkdata.uspto.gov/data/patent/officialgazette/2006/e-OG20061024_1311-4.zip
817,https://bulkdata.uspto.gov/data/patent/officialgazette/2006/e-OG20061031_1311-5.zip
818,https://bulkdata.uspto.gov/data/patent/officialgazette/2006/e-OG20061107_1312-1.zip
819,https://bulkdata.uspto.gov/data/patent/officialgazette/2006/e-OG20061114_1312-2.zip
820,https://bulkdata.uspto.gov/data/patent/officialgazette/2006/e-OG20061121_1312-3.zip
821,https://bulkdata.uspto.gov/data/patent/officialgazette/2006/e-OG20061128_1312-4.zip
822,https://bulkdata.uspto.gov/data/patent/officialgazette/2006/e-OG20061205_1313-1.zip
823,https://bulkdata.uspto.gov/data/patent/officialgazette/2006/e-OG20061212_1313-2.zip
824,https://bulkdata.uspto.gov/data/patent/officialgazette/2006/e-OG20061219_1313-3.zip
825,https://bulkdata.uspto.gov/data/patent/officialgazette/2006/e-OG20061226_1313-4.zip
826,https://bulkdata.uspto.gov/data/patent/officialgazette/2005/e-OG20050104_1290-1.zip
827,https://bulkdata.uspto.gov/data/patent/officialgazette/2005/e-OG20050111_1290-2.zip
828,https://bulkdata.uspto.gov/data/patent/officialgazette/2005/e-OG20050118_1290-3.zip
829,https://bulkdata.uspto.gov/data/patent/officialgazette/2005/e-OG20050125_1290-4.zip
830,https://bulkdata.uspto.gov/data/patent/officialgazette/2005/e-OG20050201_1291-1.zip
831,https://bulkdata.uspto.gov/data/patent/officialgazette/2005/e-OG20050208_1291-2.zip
832,https://bulkdata.uspto.gov/data/patent/officialgazette/2005/e-OG20050215_1291-3.zip
833,https://bulkdata.uspto.gov/data/patent/officialgazette/2005/e-OG20050222_1291-4.zip
834,https://bulkdata.uspto.gov/data/patent/officialgazette/2005/e-OG20050301_1292-1.zip
835,https://bulkdata.uspto.gov/data/patent/officialgazette/2005/e-OG20050308_1292-2.zip
836,https://bulkdata.uspto.gov/data/patent/officialgazette/2005/e-OG20050315_1292-3.zip
837,https://bulkdata.uspto.gov/data/patent/officialgazette/2005/e-OG20050322_1292-4.zip
838,https://bulkdata.uspto.gov/data/patent/officialgazette/2005/e-OG20050329_1292-5.zip
839,https://bulkdata.uspto.gov/data/patent/officialgazette/2005/e-OG20050405_1293-1.zip
840,https://bulkdata.uspto.gov/data/patent/officialgazette/2005/e-OG20050412_1293-2.zip
841,https://bulkdata.uspto.gov/data/patent/officialgazette/2005/e-OG20050419_1293-3.zip
842,https://bulkdata.uspto.gov/data/patent/officialgazette/2005/e-OG20050426_1293-4.zip
843,https://bulkdata.uspto.gov/data/patent/officialgazette/2005/e-OG20050503_1294-1.zip
844,https://bulkdata.uspto.gov/data/patent/officialgazette/2005/e-OG20050510_1294-2.zip
845,https://bulkdata.uspto.gov/data/patent/officialgazette/2005/e-OG20050517_1294-3.zip
846,https://bulkdata.uspto.gov/data/patent/officialgazette/2005/e-OG20050524_1294-4.zip
847,https://bulkdata.uspto.gov/data/patent/officialgazette/2005/e-OG20050531_1294-5.zip
848,https://bulkdata.uspto.gov/data/patent/officialgazette/2005/e-OG20050607_1295-1.zip
849,https://bulkdata.uspto.gov/data/patent/officialgazette/2005/e-OG20050614_1295-2.zip
850,https://bulkdata.uspto.gov/data/patent/officialgazette/2005/e-OG20050621_1295-3.zip
851,https://bulkdata.uspto.gov/data/patent/officialgazette/2005/e-OG20050628_1295-4.zip
852,https://bulkdata.uspto.gov/data/patent/officialgazette/2005/e-OG20050705_1296-1.zip
853,https://bulkdata.uspto.gov/data/patent/officialgazette/2005/e-OG20050712_1296-2.zip
854,https://bulkdata.uspto.gov/data/patent/officialgazette/2005/e-OG20050719_1296-3.zip
855,https://bulkdata.uspto.gov/data/patent/officialgazette/2005/e-OG20050726_1296-4.zip
856,https://bulkdata.uspto.gov/data/patent/officialgazette/2005/e-OG20050802_1297-1.zip
857,https://bulkdata.uspto.gov/data/patent/officialgazette/2005/e-OG20050809_1297-2.zip
858,https://bulkdata.uspto.gov/data/patent/officialgazette/2005/e-OG20050816_1297-3.zip
859,https://bulkdata.uspto.gov/data/patent/officialgazette/2005/e-OG20050823_1297-4.zip
860,https://bulkdata.uspto.gov/data/patent/officialgazette/2005/e-OG20050830_1297-5.zip
861,https://bulkdata.uspto.gov/data/patent/officialgazette/2005/e-OG20050906_1298-1.zip
862,https://bulkdata.uspto.gov/data/patent/officialgazette/2005/e-OG20050913_1298-2.zip
863,https://bulkdata.uspto.gov/data/patent/officialgazette/2005/e-OG20050920_1298-3.zip
864,https://bulkdata.uspto.gov/data/patent/officialgazette/2005/e-OG20050927_1298-4.zip
865,https://bulkdata.uspto.gov/data/patent/officialgazette/2005/e-OG20051004_1299-1.zip
866,https://bulkdata.uspto.gov/data/patent/officialgazette/2005/e-OG20051011_1299-2.zip
867,https://bulkdata.uspto.gov/data/patent/officialgazette/2005/e-OG20051018_1299-3.zip
868,https://bulkdata.uspto.gov/data/patent/officialgazette/2005/e-OG20051025_1299-4.zip
869,https://bulkdata.uspto.gov/data/patent/officialgazette/2005/e-OG20051101_1300-1.zip
870,https://bulkdata.uspto.gov/data/patent/officialgazette/2005/e-OG20051108_1300-2.zip
871,https://bulkdata.uspto.gov/data/patent/officialgazette/2005/e-OG20051115_1300-3.zip
872,https://bulkdata.uspto.gov/data/patent/officialgazette/2005/e-OG20051122_1300-4.zip
873,https://bulkdata.uspto.gov/data/patent/officialgazette/2005/e-OG20051129_1300-5.zip
874,https://bulkdata.uspto.gov/data/patent/officialgazette/2005/e-OG20051206_1301-1.zip
875,https://bulkdata.uspto.gov/data/patent/officialgazette/2005/e-OG20051213_1301-2.zip
876,https://bulkdata.uspto.gov/data/patent/officialgazette/2005/e-OG20051220_1301-3.zip
877,https://bulkdata.uspto.gov/data/patent/officialgazette/2005/e-OG20051227_1301-4.zip
878,https://bulkdata.uspto.gov/data/patent/officialgazette/2004/e-OG20040106_1278-1.zip
879,https://bulkdata.uspto.gov/data/patent/officialgazette/2004/e-OG20040113_1278-2.zip
880,https://bulkdata.uspto.gov/data/patent/officialgazette/2004/e-OG20040120_1278-3.zip
881,https://bulkdata.uspto.gov/data/patent/officialgazette/2004/e-OG20040127_1278-4.zip
882,https://bulkdata.uspto.gov/data/patent/officialgazette/2004/e-OG20040203_1279-1.zip
883,https://bulkdata.uspto.gov/data/patent/officialgazette/2004/e-OG20040210_1279-2.zip
884,https://bulkdata.uspto.gov/data/patent/officialgazette/2004/e-OG20040217_1279-3.zip
885,https://bulkdata.uspto.gov/data/patent/officialgazette/2004/e-OG20040224_1279-4.zip
886,https://bulkdata.uspto.gov/data/patent/officialgazette/2004/e-OG20040302_1280-1.zip
887,https://bulkdata.uspto.gov/data/patent/officialgazette/2004/e-OG20040309_1280-2.zip
888,https://bulkdata.uspto.gov/data/patent/officialgazette/2004/e-OG20040316_1280-3.zip
889,https://bulkdata.uspto.gov/data/patent/officialgazette/2004/e-OG20040323_1280-4.zip
890,https://bulkdata.uspto.gov/data/patent/officialgazette/2004/e-OG20040330_1280-5.zip
891,https://bulkdata.uspto.gov/data/patent/officialgazette/2004/e-OG20040406_1281-1.zip
892,https://bulkdata.uspto.gov/data/patent/officialgazette/2004/e-OG20040413_1281-2.zip
893,https://bulkdata.uspto.gov/data/patent/officialgazette/2004/e-OG20040420_1281-3.zip
894,https://bulkdata.uspto.gov/data/patent/officialgazette/2004/e-OG20040427_1281-4.zip
895,https://bulkdata.uspto.gov/data/patent/officialgazette/2004/e-OG20040504_1282-1.zip
896,https://bulkdata.uspto.gov/data/patent/officialgazette/2004/e-OG20040511_1282-2.zip
897,https://bulkdata.uspto.gov/data/patent/officialgazette/2004/e-OG20040518_1282-3.zip
898,https://bulkdata.uspto.gov/data/patent/officialgazette/2004/e-OG20040525_1282-4.zip
899,https://bulkdata.uspto.gov/data/patent/officialgazette/2004/e-OG20040601_1283-1.zip
900,https://bulkdata.uspto.gov/data/patent/officialgazette/2004/e-OG20040608_1283-2.zip
901,https://bulkdata.uspto.gov/data/patent/officialgazette/2004/e-OG20040615_1283-3.zip
902,https://bulkdata.uspto.gov/data/patent/officialgazette/2004/e-OG20040622_1283-4.zip
903,https://bulkdata.uspto.gov/data/patent/officialgazette/2004/e-OG20040629_1283-5.zip
904,https://bulkdata.uspto.gov/data/patent/officialgazette/2004/e-OG20040706_1284-1.zip
905,https://bulkdata.uspto.gov/data/patent/officialgazette/2004/e-OG20040713_1284-2.zip
906,https://bulkdata.uspto.gov/data/patent/officialgazette/2004/e-OG20040720_1284-3.zip
907,https://bulkdata.uspto.gov/data/patent/officialgazette/2004/e-OG20040727_1284-4.zip
908,https://bulkdata.uspto.gov/data/patent/officialgazette/2004/e-OG20040803_1285-1.zip
909,https://bulkdata.uspto.gov/data/patent/officialgazette/2004/e-OG20040810_1285-2.zip
910,https://bulkdata.uspto.gov/data/patent/officialgazette/2004/e-OG20040817_1285-3.zip
911,https://bulkdata.uspto.gov/data/patent/officialgazette/2004/e-OG20040824_1285-4.zip
912,https://bulkdata.uspto.gov/data/patent/officialgazette/2004/e-OG20040831_1285-5.zip
913,https://bulkdata.uspto.gov/data/patent/officialgazette/2004/e-OG20040907_1286-1.zip
914,https://bulkdata.uspto.gov/data/patent/officialgazette/2004/e-OG20040914_1286-2.zip
915,https://bulkdata.uspto.gov/data/patent/officialgazette/2004/e-OG20040921_1286-3.zip
916,https://bulkdata.uspto.gov/data/patent/officialgazette/2004/e-OG20040928_1286-4.zip
917,https://bulkdata.uspto.gov/data/patent/officialgazette/2004/e-OG20041005_1287-1.zip
918,https://bulkdata.uspto.gov/data/patent/officialgazette/2004/e-OG20041012_1287-2.zip
919,https://bulkdata.uspto.gov/data/patent/officialgazette/2004/e-OG20041019_1287-3.zip
920,https://bulkdata.uspto.gov/data/patent/officialgazette/2004/e-OG20041026_1287-4.zip
921,https://bulkdata.uspto.gov/data/patent/officialgazette/2004/e-OG20041102_1288-1.zip
922,https://bulkdata.uspto.gov/data/patent/officialgazette/2004/e-OG20041109_1288-2.zip
923,https://bulkdata.uspto.gov/data/patent/officialgazette/2004/e-OG20041116_1288-3.zip
924,https://bulkdata.uspto.gov/data/patent/officialgazette/2004/e-OG20041123_1288-4.zip
925,https://bulkdata.uspto.gov/data/patent/officialgazette/2004/e-OG20041130_1288-5.zip
926,https://bulkdata.uspto.gov/data/patent/officialgazette/2004/e-OG20041207_1289-1.zip
927,https://bulkdata.uspto.gov/data/patent/officialgazette/2004/e-OG20041214_1289-2.zip
928,https://bulkdata.uspto.gov/data/patent/officialgazette/2004/e-OG20041221_1289-3.zip
929,https://bulkdata.uspto.gov/data/patent/officialgazette/2004/e-OG20041228_1289-4.zip
930,https://bulkdata.uspto.gov/data/patent/officialgazette/2003/e-OG20030107_1266-1.zip
931,https://bulkdata.uspto.gov/data/patent/officialgazette/2003/e-OG20030114_1266-2.zip
932,https://bulkdata.uspto.gov/data/patent/officialgazette/2003/e-OG20030121_1266-3.zip
933,https://bulkdata.uspto.gov/data/patent/officialgazette/2003/e-OG20030128_1266-4.zip
934,https://bulkdata.uspto.gov/data/patent/officialgazette/2003/e-OG20030204_1267-1.zip
935,https://bulkdata.uspto.gov/data/patent/officialgazette/2003/e-OG20030211_1267-2.zip
936,https://bulkdata.uspto.gov/data/patent/officialgazette/2003/e-OG20030218_1267-3.zip
937,https://bulkdata.uspto.gov/data/patent/officialgazette/2003/e-OG20030225_1267-4.zip
938,https://bulkdata.uspto.gov/data/patent/officialgazette/2003/e-OG20030304_1268-1.zip
939,https://bulkdata.uspto.gov/data/patent/officialgazette/2003/e-OG20030311_1268-2.zip
940,https://bulkdata.uspto.gov/data/patent/officialgazette/2003/e-OG20030318_1268-3.zip
941,https://bulkdata.uspto.gov/data/patent/officialgazette/2003/e-OG20030325_1268-4.zip
942,https://bulkdata.uspto.gov/data/patent/officialgazette/2003/e-OG20030401_1269-1.zip
943,https://bulkdata.uspto.gov/data/patent/officialgazette/2003/e-OG20030408_1269-2.zip
944,https://bulkdata.uspto.gov/data/patent/officialgazette/2003/e-OG20030415_1269-3.zip
945,https://bulkdata.uspto.gov/data/patent/officialgazette/2003/e-OG20030422_1269-4.zip
946,https://bulkdata.uspto.gov/data/patent/officialgazette/2003/e-OG20030429_1269-5.zip
947,https://bulkdata.uspto.gov/data/patent/officialgazette/2003/e-OG20030506_1270-1.zip
948,https://bulkdata.uspto.gov/data/patent/officialgazette/2003/e-OG20030513_1270-2.zip
949,https://bulkdata.uspto.gov/data/patent/officialgazette/2003/e-OG20030520_1270-3.zip
950,https://bulkdata.uspto.gov/data/patent/officialgazette/2003/e-OG20030527_1270-4.zip
951,https://bulkdata.uspto.gov/data/patent/officialgazette/2003/e-OG20030603_1271-1.zip
952,https://bulkdata.uspto.gov/data/patent/officialgazette/2003/e-OG20030610_1271-2.zip
953,https://bulkdata.uspto.gov/data/patent/officialgazette/2003/e-OG20030617_1271-3.zip
954,https://bulkdata.uspto.gov/data/patent/officialgazette/2003/e-OG20030624_1271-4.zip
955,https://bulkdata.uspto.gov/data/patent/officialgazette/2003/e-OG20030701_1272-1.zip
956,https://bulkdata.uspto.gov/data/patent/officialgazette/2003/e-OG20030708_1272-2.zip
957,https://bulkdata.uspto.gov/data/patent/officialgazette/2003/e-OG20030715_1272-3.zip
958,https://bulkdata.uspto.gov/data/patent/officialgazette/2003/e-OG20030722_1272-4.zip
959,https://bulkdata.uspto.gov/data/patent/officialgazette/2003/e-OG20030729_1272-5.zip
960,https://bulkdata.uspto.gov/data/patent/officialgazette/2003/e-OG20030805_1273-1.zip
961,https://bulkdata.uspto.gov/data/patent/officialgazette/2003/e-OG20030812_1273-2.zip
962,https://bulkdata.uspto.gov/data/patent/officialgazette/2003/e-OG20030819_1273-3.zip
963,https://bulkdata.uspto.gov/data/patent/officialgazette/2003/e-OG20030826_1273-4.zip
964,https://bulkdata.uspto.gov/data/patent/officialgazette/2003/e-OG20030902_1274-1.zip
965,https://bulkdata.uspto.gov/data/patent/officialgazette/2003/e-OG20030909_1274-2.zip
966,https://bulkdata.uspto.gov/data/patent/officialgazette/2003/e-OG20030916_1274-3.zip
967,https://bulkdata.uspto.gov/data/patent/officialgazette/2003/e-OG20030923_1274-4.zip
968,https://bulkdata.uspto.gov/data/patent/officialgazette/2003/e-OG20030930_1274-5.zip
969,https://bulkdata.uspto.gov/data/patent/officialgazette/2003/e-OG20031007_1275-1.zip
970,https://bulkdata.uspto.gov/data/patent/officialgazette/2003/e-OG20031014_1275-2.zip
971,https://bulkdata.uspto.gov/data/patent/officialgazette/2003/e-OG20031021_1275-3.zip
972,https://bulkdata.uspto.gov/data/patent/officialgazette/2003/e-OG20031028_1275-4.zip
973,https://bulkdata.uspto.gov/data/patent/officialgazette/2003/e-OG20031104_1276-1.zip
974,https://bulkdata.uspto.gov/data/patent/officialgazette/2003/e-OG20031111_1276-2.zip
975,https://bulkdata.uspto.gov/data/patent/officialgazette/2003/e-OG20031118_1276-3.zip
976,https://bulkdata.uspto.gov/data/patent/officialgazette/2003/e-OG20031125_1276-4.zip
977,https://bulkdata.uspto.gov/data/patent/officialgazette/2003/e-OG20031202_1277-1.zip
978,https://bulkdata.uspto.gov/data/patent/officialgazette/2003/e-OG20031209_1277-2.zip
979,https://bulkdata.uspto.gov/data/patent/officialgazette/2003/e-OG20031216_1277-3.zip
980,https://bulkdata.uspto.gov/data/patent/officialgazette/2003/e-OG20031223_1277-4.zip
981,https://bulkdata.uspto.gov/data/patent/officialgazette/2003/e-OG20031230_1277-5.zip
982,https://bulkdata.uspto.gov/data/patent/officialgazette/2002/e-OG20020702_1260-1.zip
983,https://bulkdata.uspto.gov/data/patent/officialgazette/2002/e-OG20020709_1260-2.zip
984,https://bulkdata.uspto.gov/data/patent/officialgazette/2002/e-OG20020716_1260-3.zip
985,https://bulkdata.uspto.gov/data/patent/officialgazette/2002/e-OG20020723_1260-4.zip
986,https://bulkdata.uspto.gov/data/patent/officialgazette/2002/e-OG20020730_1260-5.zip
987,https://bulkdata.uspto.gov/data/patent/officialgazette/2002/e-OG20020806_1261-1.zip
988,https://bulkdata.uspto.gov/data/patent/officialgazette/2002/e-OG20020813_1261-2.zip
989,https://bulkdata.uspto.gov/data/patent/officialgazette/2002/e-OG20020820_1261-3.zip
990,https://bulkdata.uspto.gov/data/patent/officialgazette/2002/e-OG20020827_1261-4.zip
991,https://bulkdata.uspto.gov/data/patent/officialgazette/2002/e-OG20020903_1262-1.zip
992,https://bulkdata.uspto.gov/data/patent/officialgazette/2002/e-OG20020910_1262-2.zip
993,https://bulkdata.uspto.gov/data/patent/officialgazette/2002/e-OG20020917_1262-3.zip
994,https://bulkdata.uspto.gov/data/patent/officialgazette/2002/e-OG20020924_1262-4.zip
995,https://bulkdata.uspto.gov/data/patent/officialgazette/2002/e-OG20021001_1263-1.zip
996,https://bulkdata.uspto.gov/data/patent/officialgazette/2002/e-OG20021008_1263-2.zip
997,https://bulkdata.uspto.gov/data/patent/officialgazette/2002/e-OG20021015_1263-3.zip
998,https://bulkdata.uspto.gov/data/patent/officialgazette/2002/e-OG20021022_1263-4.zip
999,https://bulkdata.uspto.gov/data/patent/officialgazette/2002/e-OG20021029_1263-5.zip
1000,https://bulkdata.uspto.gov/data/patent/officialgazette/2002/e-OG20021105_1264-1.zip
1001,https://bulkdata.uspto.gov/data/patent/officialgazette/2002/e-OG20021112_1264-2.zip
1002,https://bulkdata.uspto.gov/data/patent/officialgazette/2002/e-OG20021119_1264-3.zip
1003,https://bulkdata.uspto.gov/data/patent/officialgazette/2002/e-OG20021126_1264-4.zip
1004,https://bulkdata.uspto.gov/data/patent/officialgazette/2002/e-OG20021203_1265-1.zip
1005,https://bulkdata.uspto.gov/data/patent/officialgazette/2002/e-OG20021210_1265-2.zip
1006,https://bulkdata.uspto.gov/data/patent/officialgazette/2002/e-OG20021217_1265-3.zip
1007,https://bulkdata.uspto.gov/data/patent/officialgazette/2002/e-OG20021224_1265-4.zip
1008,https://bulkdata.uspto.gov/data/patent/officialgazette/2002/e-OG20021231_1265-5.zip
